px1,py1,px2,py2,px3,py3,px4,py4,px5,py5,px6,py6,px7,py7,px8,py8,px9,py9,px10,py10,px11,py11,px12,py12,px13,py13,px14,py14,px15,py15,px16,py16,px17,py17,px18,py18,px19,py19,px20,py20,px21,py21,label
92,212,44,197,12,146,0,104,-16,75,31,80,20,46,9,23,-1,6,65,66,58,26,50,5,39,-13,99,64,96,25,89,3,78,-15,136,73,135,35,126,18,113,4,0
131,232,80,216,47,165,33,123,20,92,81,102,55,60,34,34,18,16,111,87,88,38,69,10,51,-12,142,82,127,31,113,1,99,-23,173,87,170,41,161,13,151,-10,0
160,256,109,235,77,183,63,139,41,113,112,119,93,74,79,44,68,18,143,108,128,56,114,23,101,-5,175,108,169,54,161,19,153,-10,206,119,213,77,211,48,207,21,0
179,277,129,252,98,204,83,165,65,139,136,139,117,90,106,58,98,31,167,131,157,76,150,42,143,13,198,134,197,81,194,48,189,20,229,146,241,106,243,79,242,54,0
211,309,163,286,136,242,122,204,102,182,180,172,171,122,167,94,165,68,212,166,209,110,207,76,205,48,241,174,249,123,251,93,250,67,268,191,284,152,290,129,294,107,0
224,321,177,295,150,253,135,218,114,196,197,186,190,138,187,110,187,84,228,181,227,128,227,95,227,68,255,188,265,139,268,110,268,86,281,204,299,168,306,145,309,125,0
237,328,190,305,162,262,147,228,125,208,209,196,203,150,202,122,203,97,241,193,240,140,241,108,243,82,269,200,278,152,282,124,284,100,296,216,315,183,324,161,330,140,0
249,333,201,312,174,270,158,236,135,217,222,204,217,159,216,131,217,108,254,201,253,149,254,117,255,93,282,209,291,162,295,135,296,113,308,225,328,194,337,172,342,152,0
245,332,200,311,172,270,156,236,135,217,221,203,216,157,215,129,216,107,253,201,254,148,255,117,256,93,282,209,291,162,294,133,294,110,309,226,329,195,339,173,345,153,0
258,339,211,316,184,276,167,245,146,224,232,211,228,165,227,138,229,115,263,208,264,156,266,126,267,102,292,216,302,170,306,144,307,122,318,234,338,203,346,182,351,163,0
266,344,220,321,191,281,173,249,153,230,241,216,235,169,235,142,237,120,272,214,272,162,273,132,274,109,300,223,310,177,314,150,316,130,327,240,345,209,353,189,359,171,0
274,348,226,324,197,284,179,252,158,233,246,220,242,174,241,147,243,125,278,217,279,167,280,137,281,114,307,225,317,181,321,154,322,133,334,242,352,212,360,193,366,175,0
282,350,234,328,203,288,183,257,164,237,253,223,248,176,248,150,251,128,285,221,286,170,287,140,288,118,314,229,323,185,327,159,329,139,340,246,359,215,367,196,373,180,0
286,353,239,331,209,290,190,259,169,241,259,226,255,179,255,153,258,132,291,224,292,173,293,143,294,121,320,233,329,188,333,162,335,142,345,250,365,220,373,200,379,182,0
290,357,244,334,215,293,195,262,175,242,266,227,261,180,261,154,264,132,297,226,298,175,300,145,302,123,326,235,335,189,339,164,341,144,352,253,371,222,380,203,386,186,0
296,360,251,336,221,295,201,263,180,242,270,230,267,183,267,156,269,134,302,229,304,178,306,148,308,125,331,239,342,193,346,167,348,147,357,256,377,226,386,206,393,188,0
311,363,266,340,234,298,212,266,193,242,281,231,278,184,279,157,282,135,313,230,315,179,317,150,320,127,343,240,352,195,357,171,360,152,369,259,388,230,397,211,405,192,0
317,362,272,338,243,297,220,267,201,245,290,231,286,184,285,158,288,135,322,231,323,179,324,149,326,126,351,241,361,196,365,172,367,152,378,260,396,231,405,211,412,194,0
328,362,283,338,252,295,228,263,206,240,298,231,294,184,294,157,296,134,330,231,330,180,332,150,334,126,359,242,368,198,373,174,375,154,386,261,404,230,414,212,422,194,0
338,358,293,335,261,294,238,263,217,241,307,230,303,184,304,157,307,135,339,229,339,179,341,148,343,126,368,240,377,196,382,172,384,152,394,260,414,231,424,212,432,194,0
338,356,292,333,260,293,237,262,214,239,307,228,304,181,303,155,305,133,340,228,341,179,342,149,344,126,369,239,378,197,383,173,385,153,396,259,415,229,425,210,432,191,0
352,355,305,331,273,291,247,261,227,238,319,229,314,182,314,155,316,133,351,228,352,178,353,148,355,125,379,238,387,196,390,172,391,153,405,255,422,227,431,209,439,191,0
364,354,317,331,285,289,260,257,238,236,331,227,326,180,325,153,327,131,362,226,362,177,364,147,365,124,391,236,399,194,403,171,404,150,418,254,435,226,445,208,453,191,0
376,351,330,329,298,288,273,257,252,235,344,225,339,178,340,151,342,129,376,225,377,175,379,146,380,124,404,236,413,193,417,169,419,149,430,254,448,226,457,209,465,192,0
390,353,343,330,309,287,286,254,263,234,355,224,351,177,352,150,355,128,386,224,389,174,391,145,392,124,416,236,424,192,427,168,428,147,444,255,461,227,470,209,479,192,0
399,351,354,329,322,287,299,255,277,235,364,224,362,178,363,151,366,129,397,224,399,175,401,147,403,124,427,236,437,193,441,169,442,148,454,255,473,228,484,211,492,194,0
410,351,366,329,333,287,309,255,286,235,377,224,373,179,374,152,378,130,409,224,411,176,414,147,417,124,439,236,448,194,452,170,455,149,465,257,484,230,495,212,505,195,0
420,353,373,329,341,285,318,252,295,232,389,226,385,180,386,153,389,131,421,226,423,176,424,147,426,125,451,238,458,194,462,170,464,150,478,257,496,230,506,214,515,197,0
437,353,392,329,358,287,334,254,311,232,404,223,402,177,404,150,406,128,436,224,440,176,443,147,445,126,466,237,476,195,480,171,482,150,493,257,510,230,520,213,529,196,0
449,351,403,329,369,286,344,253,321,231,415,223,410,177,412,150,415,129,446,223,449,174,451,145,454,124,475,235,483,191,486,168,488,149,502,255,520,228,531,213,541,197,0
459,350,413,328,379,286,355,253,333,231,423,224,419,178,420,150,423,128,454,224,457,175,460,146,463,125,484,235,491,192,495,168,497,148,511,254,529,228,540,212,551,196,0
465,350,422,324,389,281,364,250,342,229,435,222,432,176,432,149,433,126,466,224,467,175,469,145,472,123,494,236,502,193,505,169,507,148,520,256,539,229,550,212,560,194,0
467,349,421,325,389,282,365,250,341,228,434,221,431,175,431,148,433,126,464,223,465,174,467,145,471,122,494,235,502,192,506,169,508,149,521,256,539,228,550,210,559,193,0
478,346,434,322,402,280,377,249,353,229,446,220,443,174,444,147,446,125,476,221,477,172,478,144,481,122,505,233,512,190,516,167,518,147,532,254,550,228,560,211,569,194,0
489,345,444,322,412,279,388,247,365,227,457,219,454,173,455,145,458,123,487,220,489,171,491,142,494,121,516,232,524,190,528,167,531,148,543,251,560,225,570,210,580,196,0
499,344,455,320,422,278,397,245,372,224,466,218,463,171,465,144,468,123,497,219,499,170,501,141,504,120,526,231,535,190,539,167,543,147,552,252,569,227,580,211,589,195,0
507,345,461,320,429,277,404,244,381,222,476,220,473,172,474,144,477,121,507,221,510,171,512,142,514,119,536,234,545,192,549,168,551,147,562,255,580,231,589,215,599,199,0
514,345,470,321,436,277,411,243,387,221,484,218,481,171,483,143,486,120,515,220,517,170,519,141,522,119,543,233,552,190,556,168,559,148,568,255,586,230,596,214,606,198,0
520,346,476,321,443,278,418,244,395,220,491,219,489,171,490,143,494,121,521,220,523,170,525,140,529,118,549,233,559,190,564,167,568,147,575,254,593,226,604,209,613,193,0
523,344,478,320,445,278,421,244,399,219,496,218,494,170,496,142,501,119,527,221,530,169,533,139,537,117,555,234,565,189,569,165,572,146,580,257,598,230,609,214,618,198,0
521,347,475,323,443,280,417,246,395,221,493,220,493,172,497,143,502,120,524,222,527,171,532,140,537,117,552,236,563,193,569,169,573,148,578,258,596,232,607,217,618,202,0
489,366,444,341,414,297,391,261,367,236,463,233,463,183,466,153,471,128,494,234,498,183,503,151,509,128,522,247,534,203,541,178,546,157,548,270,571,243,584,226,595,210,0
476,370,428,346,396,302,374,266,351,243,449,233,451,185,456,155,462,132,480,235,486,184,490,153,497,130,509,250,522,206,528,180,533,158,536,274,558,247,571,230,584,213,0
460,378,414,351,382,309,359,275,336,252,434,239,437,189,439,159,444,136,466,241,472,189,476,158,482,135,494,255,508,211,515,184,521,162,520,279,543,251,557,234,570,217,0
443,388,398,361,365,316,341,282,317,258,417,246,417,194,420,164,424,140,449,247,454,192,460,160,467,135,479,261,491,213,498,185,504,162,506,284,530,255,544,236,558,219,0
431,395,384,368,351,324,325,290,300,266,401,255,399,203,400,171,404,146,435,255,441,198,445,164,451,139,466,268,478,218,484,190,488,166,493,291,516,260,530,241,542,222,0
419,402,369,375,335,330,310,295,285,271,387,258,385,205,387,173,391,149,422,259,427,202,431,168,436,144,454,272,466,222,472,194,475,169,482,294,505,263,518,243,529,225,0
411,410,359,385,323,338,298,301,273,277,378,266,374,211,375,179,379,154,413,265,417,207,421,172,425,146,445,278,456,227,462,197,465,173,474,300,496,267,509,246,520,227,0
405,420,352,393,316,346,291,309,268,285,371,271,368,217,370,185,374,159,407,271,410,213,414,177,418,150,439,285,451,233,456,203,460,178,468,308,491,274,504,254,516,233,0
407,433,353,406,319,359,295,323,271,299,373,284,368,231,370,199,374,173,408,284,409,225,412,189,416,163,441,296,451,245,455,215,458,190,472,319,494,286,505,265,516,243,0
414,443,364,416,328,368,301,332,278,307,378,294,373,239,375,206,379,179,413,293,416,234,420,199,424,171,447,304,456,252,460,222,463,198,478,327,498,293,510,273,521,253,0
423,451,372,424,335,375,309,338,284,312,389,303,385,248,386,214,390,187,424,302,427,242,431,207,436,180,457,315,467,262,472,232,476,207,488,338,508,305,521,284,532,264,0
431,457,382,431,347,380,321,344,297,320,400,307,399,253,400,221,403,194,435,308,436,250,440,215,445,187,468,323,480,272,485,242,489,216,499,348,521,314,536,292,548,270,0
432,455,382,430,346,380,321,343,297,318,399,305,398,252,400,221,404,195,435,307,436,249,439,214,444,187,468,322,480,271,485,242,489,217,500,347,522,313,536,292,547,272,0
446,466,393,439,358,389,332,350,310,322,412,315,411,260,415,227,421,200,448,315,449,255,453,220,459,194,482,328,495,277,501,248,505,224,514,352,537,319,550,299,563,279,0
447,471,395,443,362,391,337,352,315,323,421,319,419,265,423,233,429,206,457,321,460,262,465,226,470,198,489,335,502,283,509,254,513,229,518,360,542,329,556,309,569,289,0
442,476,387,446,354,393,332,353,311,324,417,323,419,267,423,235,429,208,454,326,460,265,466,229,473,201,487,341,502,288,510,258,517,232,516,366,542,332,557,312,571,292,0
430,477,377,448,344,397,323,358,300,331,406,322,408,267,414,234,422,208,443,324,449,267,456,232,465,204,475,339,491,289,500,260,508,235,505,364,532,334,550,314,566,295,0
405,479,357,450,327,399,304,360,277,334,389,325,392,270,397,237,403,210,425,327,430,267,436,232,444,205,459,342,473,289,481,258,487,233,490,368,518,333,537,312,553,291,0
391,480,343,453,310,404,283,364,257,336,370,327,368,271,371,236,377,207,407,327,412,266,419,230,428,202,440,342,453,287,460,256,467,228,471,368,497,335,513,313,528,292,0
369,479,319,448,290,397,267,357,239,332,351,322,349,266,352,232,358,204,389,323,394,262,398,225,403,195,422,338,435,283,441,250,445,222,452,365,479,332,495,311,509,289,0
338,470,286,442,253,390,228,350,199,325,316,310,311,253,313,219,318,191,352,309,356,246,359,209,364,180,384,322,399,267,406,236,412,210,412,346,441,311,457,290,472,270,0
325,460,271,432,236,381,209,342,181,317,293,301,289,244,291,211,297,183,331,299,337,235,341,199,346,171,365,310,378,254,383,222,388,195,395,331,420,299,437,278,453,259,0
313,452,258,424,222,375,195,335,167,310,279,292,275,234,277,201,283,173,318,290,320,227,324,191,329,162,352,301,363,247,368,216,372,189,383,323,406,289,420,267,434,245,0
298,442,245,413,209,364,182,326,153,303,268,283,262,226,263,192,267,164,306,281,308,218,310,181,314,151,340,293,352,238,357,205,360,177,371,317,396,281,411,257,423,233,0
284,434,231,404,195,355,168,317,140,295,254,276,249,220,250,187,255,159,293,274,295,211,297,173,301,142,327,286,339,230,343,197,346,170,359,308,386,272,401,248,414,224,0
285,433,231,404,197,355,171,317,144,294,256,275,251,218,250,185,252,157,294,273,295,209,297,172,299,143,329,285,340,229,344,196,346,169,361,307,386,271,399,248,409,226,0
274,427,220,398,183,347,156,310,128,288,243,269,236,212,236,179,240,151,280,266,281,203,283,165,286,135,313,276,325,219,329,187,331,161,344,297,369,262,383,237,393,214,0
264,417,211,388,175,342,149,304,120,283,233,261,226,203,226,170,228,141,270,258,272,195,273,157,275,127,303,269,314,213,317,180,318,152,335,290,360,254,373,230,385,207,0
256,413,201,384,166,336,140,299,111,278,223,254,217,197,216,164,219,135,261,252,263,189,264,152,265,122,295,263,305,206,308,174,310,147,326,285,350,248,364,223,376,200,0
250,409,194,380,158,332,134,293,106,273,214,250,208,191,209,158,212,131,253,247,255,183,257,145,260,115,289,257,300,200,304,169,306,144,321,279,346,242,360,217,372,195,0
245,402,191,374,155,326,129,288,100,268,209,244,202,185,202,151,205,124,247,242,249,177,251,139,253,111,282,253,294,194,298,162,299,137,315,274,341,236,356,212,367,190,0
246,393,190,368,151,320,124,282,95,262,205,237,199,178,199,145,201,118,244,235,245,170,247,133,248,105,280,246,290,189,294,157,295,131,313,267,338,231,352,207,363,185,0
247,381,190,353,152,306,124,269,95,249,207,226,201,168,201,136,203,109,245,223,245,160,247,124,248,97,280,234,290,179,294,148,294,122,312,256,339,221,352,198,363,177,0
248,371,194,345,156,298,129,262,101,243,210,219,204,162,204,130,207,103,248,217,248,154,249,118,251,90,283,227,292,174,296,143,297,117,315,247,342,214,355,192,365,172,0
250,363,195,338,158,291,132,254,105,235,214,214,209,158,209,126,213,99,251,212,252,151,253,114,256,87,286,223,296,170,300,139,302,114,319,243,343,210,357,188,367,169,0
249,360,193,333,159,286,133,250,105,230,216,210,211,154,211,122,214,96,253,209,254,148,256,112,257,85,287,220,297,167,302,137,303,112,319,241,344,208,357,187,367,167,0
243,358,188,332,154,286,128,249,101,228,212,208,207,152,207,120,210,94,250,206,252,146,255,110,258,83,283,218,294,166,299,136,301,111,314,239,338,206,351,185,362,165,0
244,358,188,331,154,285,130,249,104,228,211,208,207,152,207,121,210,95,249,206,250,147,254,111,257,84,282,218,294,167,300,137,303,112,314,239,338,206,352,186,362,167,0
230,359,177,335,141,288,117,252,89,233,199,208,196,154,197,122,201,95,237,206,241,147,244,113,248,86,271,217,283,166,289,137,292,112,301,239,327,206,342,185,354,165,0
212,361,161,337,125,293,98,259,71,239,183,210,178,157,179,125,182,99,219,207,220,148,224,113,228,86,252,218,263,164,270,134,274,109,282,240,308,206,324,184,337,164,0
198,363,144,340,108,299,82,266,53,248,163,213,154,160,153,128,156,102,200,209,199,149,201,114,205,87,234,219,244,165,249,135,252,111,266,239,292,207,307,185,318,164,0
186,366,131,346,93,304,65,273,36,255,145,217,134,163,131,130,132,103,183,212,179,151,180,116,182,88,217,220,226,166,230,135,233,111,248,240,274,206,288,183,299,163,0
175,367,120,347,81,304,53,272,23,254,134,217,123,162,121,130,122,103,170,212,166,151,166,114,167,87,205,220,211,165,214,133,216,107,238,239,262,203,277,179,288,158,0
164,366,111,346,72,303,43,270,14,253,123,215,111,161,108,129,109,102,160,209,156,148,155,111,155,83,195,217,201,161,204,129,205,103,228,237,252,200,266,175,278,153,0
157,357,102,337,61,294,31,260,0,244,110,207,98,151,95,118,95,91,148,200,143,138,142,101,142,72,183,208,189,151,191,118,192,90,216,227,241,189,254,164,265,140,0
155,348,99,329,59,288,31,255,3,237,108,201,96,143,91,110,90,83,146,194,141,131,139,93,138,66,181,202,187,145,189,112,189,86,214,220,239,183,251,158,261,135,0
151,344,94,324,53,282,25,248,-2,231,103,194,90,138,86,105,86,78,140,188,135,125,134,87,135,58,176,195,182,139,184,106,185,80,209,214,232,177,244,152,254,130,0
145,339,88,319,47,277,20,243,-5,225,94,190,82,135,78,102,77,74,131,182,127,120,125,82,125,53,166,190,173,132,176,100,176,72,199,209,222,170,235,144,245,121,0
139,332,82,315,41,276,16,243,-6,222,87,184,74,130,68,98,67,70,124,176,118,114,116,76,114,48,158,183,165,127,167,94,166,67,190,202,212,163,224,138,234,113,0
137,331,80,314,40,275,14,242,-9,219,87,182,74,127,69,95,67,67,124,175,119,114,116,76,115,47,159,183,165,128,167,95,167,67,192,201,214,163,226,138,236,115,0
135,326,75,309,31,267,0,232,-27,211,78,179,62,125,56,92,55,64,115,170,108,108,104,71,103,43,151,177,155,119,157,87,157,59,183,196,206,157,218,131,228,106,0
131,320,72,306,28,265,-1,229,-27,209,72,174,55,119,49,87,46,59,109,165,99,102,94,64,91,36,145,171,148,114,148,82,147,55,179,188,199,148,210,123,219,99,0
129,314,69,301,25,260,-4,225,-31,205,68,170,50,115,44,83,41,55,105,160,94,97,89,59,86,30,140,166,143,108,142,76,140,48,174,182,194,142,205,116,214,92,0
128,309,67,297,23,255,-5,219,-32,199,67,167,51,111,44,78,42,50,103,157,93,94,88,57,86,28,140,162,141,105,140,72,138,44,174,178,194,138,205,112,214,87,0
132,304,73,291,28,252,-3,219,-29,199,71,162,55,109,48,77,46,49,107,153,96,92,90,55,86,26,143,158,145,103,144,70,142,43,177,174,198,136,208,110,216,86,0
134,302,76,288,34,249,5,217,-19,196,78,161,62,109,55,76,51,49,114,152,104,91,99,54,95,26,149,156,152,101,152,69,150,44,182,172,203,134,214,109,222,87,0
154,301,98,285,56,246,28,216,1,198,97,159,80,107,74,75,72,48,133,150,123,90,119,54,116,26,169,154,173,100,173,68,172,43,204,171,224,134,235,109,243,87,0
168,300,111,283,69,243,38,212,7,198,110,157,95,105,89,73,87,46,146,149,137,91,133,55,131,27,181,155,185,103,187,71,186,46,214,171,234,135,246,112,254,90,0
179,300,123,282,81,241,51,211,21,196,124,159,108,107,103,74,101,47,159,151,150,92,147,57,145,28,194,156,198,103,199,72,199,47,227,173,247,139,259,115,268,93,0
193,302,137,284,95,242,64,209,33,194,136,161,121,109,116,76,115,48,172,153,163,94,160,58,159,29,207,159,212,105,213,75,213,50,240,176,260,141,272,118,281,96,0
207,304,150,286,108,243,77,209,45,194,149,163,133,111,128,79,129,52,185,155,176,97,173,61,173,33,220,161,223,109,225,79,225,53,252,178,271,145,282,122,291,101,0
206,301,148,284,107,243,78,210,47,195,149,162,135,110,131,79,131,52,185,155,178,98,175,63,174,34,220,161,225,111,227,80,227,55,253,179,273,144,284,122,292,101,0
217,304,162,287,120,244,89,211,60,195,162,165,148,114,144,82,145,55,198,158,190,100,187,65,187,37,232,165,236,113,237,83,237,58,264,183,282,149,294,128,303,106,0
226,309,171,289,131,245,100,213,70,195,174,169,162,117,159,85,158,58,210,162,203,105,201,70,202,42,243,170,249,120,251,89,251,63,275,188,294,155,305,133,313,112,0
236,309,182,290,142,248,110,215,80,197,184,170,173,119,170,88,171,62,219,164,213,108,212,74,212,46,253,172,259,123,261,94,261,69,284,191,303,158,314,137,322,117,0
244,313,191,293,152,250,121,216,91,198,193,175,183,123,180,92,181,65,228,170,223,114,223,79,224,51,261,178,267,129,270,99,270,73,293,197,313,165,324,144,332,123,0
251,316,198,295,160,252,131,217,100,201,204,179,194,129,192,97,194,70,238,175,233,119,233,85,234,56,270,183,275,134,278,105,279,79,301,202,321,170,333,149,341,128,0
260,319,207,298,170,254,141,220,112,202,213,184,204,133,202,102,203,75,247,180,243,124,243,90,244,61,280,188,285,138,288,109,289,84,310,206,330,174,341,154,350,134,0
277,321,225,299,189,257,160,224,130,204,233,186,225,135,224,104,225,78,266,182,264,127,265,93,267,65,298,191,304,144,308,116,309,90,327,210,347,180,359,160,367,141,0
286,320,234,297,198,255,170,222,142,201,243,186,235,136,235,105,237,79,277,183,274,128,274,95,276,67,308,193,314,145,318,117,319,92,338,212,358,182,369,163,378,144,0
292,319,242,298,206,254,180,219,152,198,253,186,246,136,246,105,248,79,287,183,285,129,286,96,289,68,318,193,325,145,329,118,331,94,347,212,367,183,378,164,386,146,0
301,316,250,294,215,252,190,217,163,194,263,185,257,135,258,105,261,79,297,182,295,128,297,95,300,68,327,192,334,144,338,117,341,94,356,211,375,181,386,163,395,146,0
308,313,260,290,226,250,199,218,175,193,272,183,266,133,267,103,269,78,304,181,304,127,306,94,309,68,334,191,342,142,347,116,350,93,361,211,382,182,393,164,403,146,0
309,311,259,289,225,250,198,217,173,193,272,182,267,132,266,102,269,78,305,180,304,127,305,94,308,69,335,191,343,143,348,116,351,93,363,210,383,182,395,164,405,147,0
317,308,268,286,234,247,207,215,183,190,279,181,273,131,274,101,277,76,311,179,311,125,313,93,316,67,341,190,349,143,353,116,356,93,369,209,389,181,400,164,410,147,0
322,303,274,281,242,243,216,210,192,187,285,178,280,129,280,100,284,75,318,176,317,124,319,92,322,66,347,187,355,141,359,115,362,93,374,206,394,179,406,162,415,145,0
330,300,282,279,249,240,224,207,199,183,293,176,287,127,287,98,289,74,324,174,323,122,325,90,328,65,353,184,360,138,363,113,365,91,379,203,398,176,409,158,419,141,0
337,297,290,276,257,235,233,202,209,179,299,173,294,125,295,97,297,73,331,171,330,120,332,89,334,64,359,182,366,136,370,111,372,89,386,201,405,173,417,156,426,139,0
341,296,296,273,264,233,241,200,218,178,307,171,302,124,303,96,306,72,338,170,338,119,340,88,343,64,367,181,374,136,377,111,380,89,393,201,412,174,424,156,434,139,0
347,294,303,272,271,231,248,198,225,175,315,170,310,123,311,94,313,71,346,170,346,118,348,87,352,62,374,181,382,136,386,110,389,89,400,201,418,174,429,157,438,139,0
363,294,318,272,286,232,263,199,241,175,329,170,326,123,327,94,329,70,360,170,362,118,364,87,367,62,388,181,397,136,401,109,404,87,414,200,434,174,446,156,455,138,0
372,297,326,275,294,233,271,199,249,176,338,173,334,125,334,96,337,72,369,171,369,119,371,87,375,62,397,182,406,135,410,110,413,88,423,202,442,173,454,155,464,136,0
381,297,335,276,303,234,281,199,258,176,346,172,342,124,343,95,346,71,377,171,378,119,380,87,384,62,405,182,413,136,418,111,421,89,430,202,448,174,460,157,470,139,0
388,298,342,276,310,234,288,200,266,176,354,172,350,124,351,95,354,71,385,171,386,119,389,87,392,62,413,182,421,136,426,111,429,89,440,202,458,174,469,157,479,139,0
389,298,344,274,314,232,293,197,271,174,359,170,357,122,359,93,362,68,391,171,394,118,397,86,401,61,419,182,429,136,434,111,437,89,444,203,463,174,475,156,486,138,0
389,296,345,273,314,231,292,196,270,172,360,169,358,121,358,92,361,69,391,170,393,118,395,87,399,62,419,182,428,136,433,110,437,87,444,202,463,174,475,157,485,140,0
392,295,346,271,316,230,294,195,273,170,362,166,360,118,362,89,365,66,393,167,397,115,401,84,405,60,421,179,432,133,438,109,442,88,446,199,466,172,478,155,489,138,0
391,290,346,267,315,227,294,192,271,167,362,164,360,115,361,86,364,62,393,164,396,112,399,81,402,56,421,176,432,131,437,104,441,82,446,196,466,169,478,151,488,134,0
390,283,345,261,314,221,292,186,268,164,360,158,357,109,358,80,361,57,391,158,394,106,396,75,400,51,419,170,430,125,435,98,438,76,445,190,465,162,476,144,486,127,0
389,275,344,254,312,214,290,180,266,159,356,151,354,101,355,73,357,49,387,151,389,98,392,67,396,43,415,163,425,116,429,90,432,67,440,183,461,154,472,136,482,118,0
387,269,342,247,311,208,288,174,264,152,354,145,351,95,351,67,353,43,384,144,386,91,388,59,391,35,413,155,422,109,426,82,429,59,438,175,459,145,470,126,480,107,0
388,260,342,238,309,200,286,167,262,146,352,136,348,87,349,58,351,34,382,136,384,83,386,51,389,27,410,147,419,100,424,73,426,50,436,166,456,136,467,116,477,98,0
390,244,344,224,312,187,287,155,263,135,353,123,347,75,346,46,348,23,383,122,382,70,383,38,385,13,411,132,418,86,420,59,421,37,437,149,456,119,466,100,473,81,0
395,238,350,221,316,184,292,152,267,132,355,119,349,70,348,41,350,17,385,116,383,63,384,31,386,6,414,126,420,80,423,53,425,31,441,143,458,111,467,92,475,74,0
401,237,356,218,322,180,297,149,272,128,360,115,353,66,352,37,353,13,390,111,387,58,387,24,387,-1,419,120,424,73,427,46,428,24,446,138,462,107,471,87,477,68,0
410,233,364,215,330,177,305,145,279,126,366,111,359,63,358,34,358,10,396,107,393,55,392,23,393,-2,424,115,429,67,432,41,433,19,452,132,467,101,475,81,481,63,0
418,229,372,212,338,175,313,144,287,125,373,108,366,60,365,31,365,6,404,104,400,52,399,19,400,-6,432,112,437,65,440,39,441,17,459,129,473,98,480,79,487,61,0
418,228,371,211,337,174,312,143,286,123,372,107,366,59,365,30,366,5,403,103,400,53,400,21,401,-4,432,111,437,66,440,39,442,17,460,127,474,97,482,78,489,60,0
422,226,378,208,345,172,320,141,294,122,379,106,373,57,370,26,370,0,410,102,407,50,406,17,407,-8,439,110,442,64,445,36,447,13,466,127,479,95,487,75,494,57,0
430,226,384,207,351,169,326,139,301,120,387,104,380,55,378,25,377,0,417,100,414,48,413,16,413,-10,446,108,450,61,452,33,452,9,474,125,487,91,492,71,496,51,0
438,225,392,207,358,169,333,138,309,119,394,102,387,54,385,24,386,0,424,98,421,46,420,14,420,-10,452,106,457,58,459,31,460,8,480,123,494,89,501,69,506,50,0
443,226,398,208,364,169,340,137,316,117,402,102,394,54,392,25,392,0,432,98,429,47,428,16,429,-9,461,106,465,59,467,32,469,10,488,124,501,91,508,72,514,55,0
447,227,402,208,368,169,345,137,321,117,406,102,400,52,399,21,400,-4,437,98,435,46,436,12,437,-14,465,107,472,61,475,34,477,11,492,126,506,94,514,76,521,58,0
453,229,407,210,372,170,349,138,325,116,411,103,405,54,404,23,406,-2,442,100,440,48,441,15,444,-11,471,109,476,63,480,37,483,14,498,127,512,96,520,78,527,60,0
458,230,413,211,378,173,355,141,333,119,418,107,413,57,412,25,415,-1,449,104,447,52,449,18,452,-9,478,113,483,69,486,41,489,18,505,131,518,100,526,82,533,64,0
459,231,414,212,382,174,358,142,336,121,420,107,416,59,416,30,419,5,451,105,450,54,451,22,454,-3,480,114,486,69,490,43,492,21,506,133,521,102,530,84,537,67,0
461,233,417,214,385,176,362,145,340,123,423,110,419,62,419,33,422,8,454,108,452,56,454,23,456,-3,483,117,488,72,492,46,494,24,510,135,525,105,534,87,541,69,0
465,234,421,214,389,176,366,145,344,124,428,112,423,64,423,35,426,10,459,109,458,56,460,22,463,-3,488,118,493,74,497,48,499,27,515,136,529,106,537,88,544,71,0
478,237,436,216,405,178,380,145,358,122,445,117,439,69,438,39,441,14,475,113,476,60,479,26,484,0,503,122,511,78,515,52,517,30,530,140,546,112,554,93,562,75,0
482,239,441,219,410,179,388,146,365,123,451,117,447,69,448,40,451,15,481,115,482,62,485,28,489,0,509,125,517,80,521,54,524,32,536,144,552,114,562,95,569,78,0
488,238,447,217,416,178,393,146,371,122,455,117,452,69,454,40,458,15,487,116,489,62,492,27,496,0,515,126,523,83,528,57,531,35,542,145,558,116,569,98,577,81,0
493,241,451,218,422,177,400,145,378,121,462,115,460,68,462,39,466,15,493,115,497,64,500,32,504,7,521,126,531,82,536,56,539,34,547,147,565,118,575,100,584,83,0
499,240,458,217,429,177,406,144,384,121,468,115,466,67,467,39,471,15,499,114,504,62,507,30,511,5,528,126,539,81,544,56,547,35,554,147,572,119,582,102,591,85,0
509,242,468,218,439,176,417,142,395,119,481,116,479,68,481,38,484,13,512,116,518,63,523,30,528,4,541,128,553,82,558,56,561,34,567,149,584,121,595,103,604,85,0
515,241,475,217,447,175,425,142,404,119,488,116,486,67,487,38,490,14,519,116,524,63,528,30,533,4,548,128,558,84,563,59,567,38,573,149,590,120,599,103,607,88,0
522,240,481,216,452,175,430,142,409,118,494,113,492,65,494,36,499,13,525,113,530,60,534,27,540,1,553,126,564,82,569,57,573,37,578,147,597,118,607,102,616,86,0
527,240,486,214,457,173,435,140,415,117,502,115,500,67,502,38,506,14,532,115,537,63,543,31,549,6,560,128,570,83,576,58,580,36,585,149,604,121,614,104,624,87,0
531,241,490,215,461,173,440,140,420,116,507,114,506,66,509,37,514,14,538,115,543,64,548,31,554,6,565,129,576,85,582,60,586,38,590,151,609,123,619,106,629,89,0
530,241,489,215,461,173,440,140,420,115,507,114,506,65,508,36,513,13,538,115,543,65,547,33,552,10,565,129,576,86,581,60,585,39,589,151,609,124,619,107,629,90,0
538,242,496,217,467,175,447,141,427,117,511,115,511,67,514,37,518,14,542,116,550,63,555,31,560,7,570,128,583,84,588,59,591,39,595,149,614,123,624,106,633,91,0
540,244,499,219,472,176,451,142,431,118,518,118,517,70,520,41,525,17,549,118,555,66,561,34,566,10,576,131,588,87,594,62,597,41,600,153,621,125,632,108,642,91,0
543,245,503,219,475,175,456,141,435,117,522,116,522,69,525,40,530,17,552,119,559,67,566,35,572,10,579,133,591,90,599,64,604,43,603,156,623,130,634,114,644,99,0
547,249,507,222,479,178,458,144,438,120,527,120,528,72,531,42,536,20,557,122,565,70,571,38,577,14,584,136,596,92,603,66,608,45,607,158,626,133,638,119,647,105,0
548,252,508,225,482,181,461,147,441,123,529,121,529,73,533,44,538,21,559,124,567,72,574,41,580,17,586,139,599,95,605,69,609,48,609,163,627,138,637,123,645,110,0
551,253,511,229,483,184,462,149,444,125,530,123,532,75,536,47,541,24,562,126,569,75,576,44,582,21,588,140,602,98,609,73,614,52,612,163,631,135,641,122,650,110,0
554,260,513,235,485,192,463,157,445,131,535,132,537,83,540,54,546,30,565,135,573,83,581,52,587,28,592,149,606,106,615,81,620,60,614,171,634,145,646,132,657,120,0
553,265,513,239,486,196,464,162,447,135,535,136,539,88,543,59,548,35,567,140,576,87,583,55,590,31,594,155,608,110,618,85,625,64,616,177,634,148,647,134,659,122,0
554,269,514,243,487,199,465,164,449,137,535,139,539,92,544,63,550,40,567,143,577,91,585,60,591,37,594,158,610,116,619,90,626,69,616,182,636,159,651,147,663,136,0
553,275,514,248,488,204,465,169,449,141,537,145,541,96,546,67,551,43,568,149,578,97,586,65,592,41,595,164,611,119,621,94,627,73,618,187,637,159,650,145,661,132,0
554,280,513,253,487,208,466,173,450,146,537,150,542,101,546,72,553,48,568,153,580,100,588,68,595,43,595,168,612,122,622,96,629,73,618,191,637,159,649,142,660,127,0
554,279,514,252,487,207,466,171,449,144,538,149,542,101,547,72,552,48,569,153,581,100,588,69,594,44,596,167,613,121,622,94,627,72,618,189,637,157,649,140,658,124,0
554,283,514,257,487,212,467,175,451,147,539,153,544,104,549,75,555,50,570,157,581,104,589,72,597,47,596,171,613,124,622,97,629,73,619,193,637,160,650,143,660,127,0
555,286,514,258,488,214,469,177,453,148,540,155,544,107,549,78,555,54,571,159,583,106,591,74,599,49,597,174,614,128,624,102,630,79,619,197,638,167,651,153,662,141,0
555,287,515,261,488,215,468,179,453,150,540,155,545,107,550,78,556,55,572,159,585,107,593,76,599,53,599,175,618,129,626,103,632,81,620,199,641,171,655,158,667,146,0
553,288,514,262,489,217,468,181,452,152,539,156,545,108,551,79,558,55,571,161,583,109,592,77,599,53,597,176,615,131,625,105,631,82,618,200,639,170,653,155,663,143,0
551,290,512,264,485,218,466,181,449,151,537,158,542,109,548,79,555,55,569,162,582,109,591,77,598,53,596,178,614,131,623,104,629,81,617,202,638,173,652,160,663,148,0
551,291,510,264,482,220,461,185,446,154,534,159,538,109,543,79,550,55,565,163,577,111,586,79,594,54,592,178,610,134,620,108,627,86,615,201,636,172,648,157,658,143,0
531,295,491,266,466,222,447,185,430,159,520,161,524,111,529,81,535,57,551,165,563,112,572,79,580,55,577,180,596,136,606,109,612,87,600,203,624,177,637,159,648,143,0
522,298,482,271,455,227,437,190,418,164,510,163,513,111,519,80,526,57,542,166,553,112,562,80,570,56,570,182,586,137,595,109,601,88,594,206,617,178,630,159,641,143,0
511,302,470,274,444,231,427,195,406,169,498,165,501,112,506,82,515,59,530,168,541,113,550,81,559,57,558,183,574,137,583,109,591,88,583,207,607,179,621,161,634,144,0
501,310,459,280,432,232,412,195,389,171,486,171,487,117,493,85,500,60,517,172,528,116,537,83,546,58,545,186,561,138,570,111,576,89,570,209,594,182,609,164,622,148,0
483,316,446,285,420,240,399,203,377,178,471,175,474,121,477,88,483,63,503,177,514,122,522,88,531,63,532,191,548,144,556,116,562,94,557,215,583,187,598,168,611,151,0
487,318,447,286,420,241,399,205,378,178,471,173,473,119,477,87,483,62,503,175,515,120,524,86,533,61,533,191,549,144,557,117,563,95,559,215,583,187,596,168,608,151,0
475,324,434,294,407,246,385,208,364,181,459,180,460,127,463,95,469,70,491,182,502,125,509,92,516,66,520,197,537,147,545,119,550,96,546,221,572,190,588,171,601,152,0
464,329,423,298,395,252,373,215,353,188,447,185,447,131,450,99,456,73,479,187,488,128,497,93,506,67,508,201,523,151,532,122,539,99,534,225,559,197,575,178,589,161,0
454,334,413,303,384,256,360,219,340,192,433,191,434,136,437,104,444,78,466,193,477,134,485,97,494,70,496,207,512,156,521,126,527,101,523,231,548,201,564,180,578,162,0
445,339,401,310,371,264,350,226,329,197,422,196,423,141,426,108,433,82,456,197,467,138,476,101,484,74,486,210,502,161,511,132,517,108,512,234,536,203,550,184,563,165,0
434,347,390,316,360,269,337,231,316,203,411,201,411,146,414,112,419,86,446,202,456,145,463,110,470,83,476,215,492,166,499,137,505,113,502,238,526,207,540,187,553,168,0
426,349,381,321,350,276,327,239,306,211,398,206,398,150,401,117,406,90,434,205,443,146,449,111,455,85,465,218,481,167,488,136,493,112,493,240,518,209,532,188,545,170,0
408,357,363,330,331,284,307,246,281,221,375,213,374,158,378,125,384,98,411,213,418,153,425,118,432,91,443,225,458,174,465,143,471,118,472,248,496,216,510,195,521,175,0
395,362,349,334,316,287,293,249,269,226,364,217,364,162,367,129,372,102,400,217,408,158,414,122,420,94,431,229,446,178,454,146,459,120,459,252,485,221,500,199,513,179,0
383,370,335,344,302,296,279,258,255,234,352,225,349,169,351,135,356,108,387,223,394,162,399,125,404,97,419,235,432,183,438,151,442,124,447,257,471,225,487,202,500,181,0
373,376,322,349,287,303,263,266,241,239,338,231,333,175,334,142,339,114,373,230,378,168,382,130,387,101,405,241,418,188,425,156,430,130,432,263,456,230,471,207,484,185,0
355,386,305,358,272,315,249,281,227,257,319,239,316,183,318,149,323,121,356,238,361,177,366,138,371,107,388,249,402,196,409,163,414,135,416,270,441,236,456,212,469,190,0
345,394,291,371,256,330,234,293,210,267,303,250,296,194,298,159,303,129,340,246,342,184,345,145,350,114,373,255,384,201,389,169,393,141,403,276,426,240,442,216,455,193,0
342,395,289,371,255,329,232,293,210,267,303,249,298,193,297,158,300,129,341,246,343,185,345,146,348,115,374,257,384,203,388,170,390,142,403,277,426,241,440,217,452,194,0
328,406,275,383,239,339,214,301,186,278,287,259,281,203,281,167,285,137,324,255,325,192,328,152,331,120,358,265,369,210,375,177,377,149,389,286,412,248,426,224,437,200,0
309,419,255,393,219,345,192,308,164,284,271,268,263,211,263,176,266,145,307,263,309,199,311,159,314,125,341,272,351,215,356,182,358,153,373,294,397,256,410,230,419,207,0
292,429,240,402,204,353,179,315,148,293,251,276,242,218,240,181,243,150,288,270,290,205,291,165,293,131,323,279,333,219,336,183,337,153,355,301,378,263,390,236,399,210,0
279,436,224,410,188,362,161,323,129,300,236,282,225,224,222,187,222,155,273,276,272,209,272,169,273,134,307,284,316,224,320,187,321,156,339,304,361,265,375,237,385,211,0
263,440,209,414,172,365,145,326,114,303,220,287,208,228,205,190,207,158,259,281,258,213,258,170,260,134,294,289,303,228,307,191,309,158,327,310,350,268,363,239,373,212,0
262,432,205,409,164,363,136,324,104,299,208,278,194,219,189,182,188,151,248,271,243,203,241,162,241,128,284,280,289,217,290,180,289,148,319,301,341,259,354,231,363,203,0
262,424,206,398,167,351,137,312,106,287,210,270,196,209,190,172,189,140,250,264,247,197,245,155,244,120,286,273,293,212,295,175,294,142,320,294,343,252,355,225,365,198,0
261,416,204,387,166,337,138,297,108,273,211,257,200,196,197,159,197,127,252,253,251,186,251,144,250,108,289,263,299,204,301,167,300,135,323,285,347,244,359,217,368,190,0
258,406,201,378,164,330,136,289,106,263,209,246,200,184,197,148,197,117,250,242,251,173,251,132,252,98,287,253,298,190,301,154,301,123,322,275,347,234,360,207,370,181,0
254,398,198,372,158,322,131,282,100,257,206,238,194,177,191,141,192,109,246,233,245,165,245,123,246,90,283,242,293,181,296,145,297,114,317,264,342,223,355,196,366,169,0
248,390,190,364,151,316,123,276,90,250,197,231,186,169,183,133,185,102,237,224,235,156,236,115,237,80,274,234,283,172,287,135,289,103,309,255,335,216,349,189,360,163,0
251,389,193,365,152,316,122,276,91,250,198,230,186,168,182,131,182,100,239,225,238,156,238,114,239,79,277,234,285,175,289,138,290,106,311,256,335,216,348,190,358,165,0
240,383,183,358,142,311,113,271,80,246,188,224,175,164,171,127,171,95,228,218,224,150,223,108,225,74,266,227,272,165,274,127,275,94,301,248,326,208,340,180,350,153,0
232,378,173,354,133,308,105,267,71,243,179,220,164,160,159,123,158,90,220,212,214,145,212,103,213,67,258,220,262,159,264,120,264,87,294,241,317,200,330,171,338,143,0
226,372,166,349,124,303,94,264,62,241,170,215,153,154,148,116,146,84,210,207,203,139,201,98,201,63,248,214,251,153,252,114,252,81,285,234,308,192,320,164,329,136,0
218,370,158,347,117,301,86,261,53,237,163,212,147,150,141,112,140,80,203,204,196,135,193,91,193,56,241,211,244,148,245,108,243,74,277,231,301,188,312,159,320,130,0
213,367,152,345,109,299,79,259,46,236,156,209,138,147,132,109,130,76,196,200,188,131,185,88,184,52,234,208,237,144,237,105,236,71,270,227,293,185,304,155,313,128,0
204,368,143,346,99,298,69,259,36,237,145,209,127,147,121,108,119,75,185,201,176,130,173,86,171,51,223,208,225,143,225,103,224,70,260,228,281,184,293,154,301,126,0
205,369,142,349,98,302,67,262,35,236,143,211,125,148,117,109,114,76,184,203,175,131,171,86,169,51,222,211,225,145,224,106,222,73,259,230,280,186,291,157,300,129,0
204,376,142,354,97,305,66,265,33,240,143,214,124,151,116,113,113,80,184,206,175,136,171,91,169,56,222,214,224,150,224,111,221,78,259,234,280,190,291,160,298,132,0
213,390,153,364,112,314,82,275,50,250,156,228,138,167,131,128,128,95,195,220,186,151,183,107,182,72,233,228,237,167,237,127,234,94,270,249,293,208,304,179,310,152,0
219,392,160,367,117,318,85,279,53,254,162,231,146,169,139,132,136,100,202,225,195,155,192,111,190,76,240,234,244,172,245,132,243,98,276,254,297,212,309,183,317,155,0
226,396,166,371,125,322,94,282,62,257,170,236,155,176,148,138,145,106,209,229,201,160,199,117,198,82,246,237,250,176,253,138,252,105,282,258,304,218,317,190,325,162,0
232,402,174,376,133,325,102,286,70,259,178,240,164,180,158,142,155,110,217,234,211,167,209,123,208,88,254,244,259,183,262,145,261,111,288,266,311,225,323,197,331,170,0
237,405,180,378,139,329,108,289,77,262,186,244,172,184,166,146,164,113,225,238,220,171,219,128,218,92,262,248,269,188,271,150,271,117,297,271,320,231,332,203,342,177,0
239,411,183,383,145,331,115,291,84,266,193,248,181,187,175,149,174,117,232,244,228,176,228,132,227,97,269,254,277,193,280,155,279,122,303,277,326,235,339,207,349,180,0
251,419,193,391,155,340,126,299,94,271,203,258,191,195,186,157,185,124,242,254,240,184,241,141,242,106,278,265,288,203,291,165,292,132,312,288,336,246,349,217,359,189,0
250,423,195,395,159,344,129,304,99,276,206,260,196,199,192,160,193,128,246,257,245,189,246,146,246,111,282,269,292,208,295,169,295,135,315,293,339,250,352,221,363,193,0
253,426,197,397,161,347,132,306,101,278,209,266,199,204,196,165,196,132,249,262,250,193,251,150,251,114,286,274,296,211,300,173,300,140,319,296,342,254,355,226,364,199,0
256,429,199,400,162,350,134,309,105,281,212,269,202,207,199,168,200,135,253,265,253,197,254,154,255,118,289,277,299,215,303,177,304,143,321,300,344,258,357,231,368,204,0
257,432,201,403,165,353,137,311,107,282,216,272,206,210,203,171,204,138,255,269,256,201,257,157,258,120,291,281,303,220,308,182,310,147,323,304,347,263,361,236,371,209,0
259,431,204,403,169,353,142,310,111,282,219,274,211,211,209,173,210,140,259,271,261,202,262,159,263,122,295,283,307,222,312,184,313,150,327,305,352,265,366,238,376,212,0
259,431,204,404,169,353,143,310,112,283,219,274,210,211,207,173,208,140,259,270,262,201,263,158,264,123,295,281,307,220,311,182,313,148,327,304,351,264,365,238,377,211,0
262,433,207,404,171,353,145,311,116,283,224,274,216,212,213,174,215,141,263,271,265,203,267,160,269,124,299,283,311,223,316,185,319,151,331,307,355,267,370,240,381,214,0
265,432,211,404,175,353,148,311,118,282,228,274,220,211,219,173,221,140,267,271,270,203,272,160,274,125,303,284,315,224,321,186,324,153,335,307,360,267,374,241,384,215,0
267,434,212,403,180,351,154,309,124,280,233,274,226,211,224,173,226,141,272,272,275,204,278,161,280,125,307,285,320,224,326,187,329,153,339,309,364,270,377,243,387,217,0
272,434,217,403,183,351,157,308,128,280,237,274,231,211,229,173,230,141,276,272,280,204,282,162,284,126,311,285,324,223,329,186,331,153,342,308,368,269,382,243,393,217,0
276,434,222,404,187,351,162,308,133,280,242,274,236,211,235,174,237,141,280,272,284,204,287,162,290,126,315,286,328,226,334,188,337,155,347,310,372,271,386,245,398,219,0
286,434,234,404,199,349,175,306,148,278,253,275,250,212,251,174,255,142,292,274,298,206,302,164,307,130,328,288,342,229,348,193,352,161,359,314,384,274,400,249,412,224,0
297,437,244,405,210,350,185,307,159,275,265,276,261,215,263,177,268,146,304,275,309,208,315,167,321,134,339,290,353,231,360,196,365,166,370,317,394,278,409,253,421,228,0
306,438,255,403,221,348,197,305,172,273,281,277,277,220,279,185,284,154,318,278,325,216,332,179,339,147,351,294,366,239,374,206,380,176,381,321,402,283,415,260,426,238,0
344,458,299,426,271,370,256,328,237,293,342,315,345,268,338,273,334,292,379,327,400,291,415,315,426,343,409,348,429,314,445,332,454,353,431,374,451,347,464,354,471,366,0
387,464,335,455,300,415,278,375,258,340,363,345,373,366,379,402,390,428,401,345,419,362,429,397,444,428,431,353,452,363,466,393,481,420,456,366,479,370,494,392,506,412,0
401,461,352,464,310,448,289,429,283,404,370,383,379,439,383,479,389,511,422,383,440,444,451,492,462,528,462,396,485,457,497,501,503,532,488,417,508,461,516,497,520,522,0
134,175,80,168,32,130,20,89,26,58,49,69,29,28,23,23,22,28,83,61,71,31,76,68,84,89,118,62,105,37,104,73,109,89,154,70,136,48,130,75,132,89,1
153,201,105,192,59,153,48,110,61,79,77,99,57,56,37,35,19,18,109,92,90,59,95,101,107,126,143,92,123,60,121,103,129,123,178,98,154,71,147,102,152,119,1
175,224,118,209,81,173,70,133,81,106,109,129,94,95,100,130,111,150,136,125,120,96,125,137,135,149,165,122,146,93,146,132,153,144,196,125,174,100,167,128,173,142,1
185,243,133,228,96,193,85,153,95,123,132,141,119,115,119,149,128,168,158,139,141,114,142,154,154,169,184,140,167,114,162,151,171,165,213,147,193,125,183,152,188,167,1
196,258,145,242,109,208,99,169,111,141,138,162,123,133,126,167,136,182,164,159,150,134,150,175,162,185,192,159,176,133,173,173,182,185,224,164,202,142,194,172,201,184,1
203,272,155,255,122,220,112,182,126,155,154,173,141,145,138,178,145,192,179,171,164,146,162,187,174,196,207,173,191,148,185,187,195,198,238,180,217,157,207,185,215,197,1
214,284,167,265,132,229,124,189,142,162,164,184,152,156,151,190,159,205,189,182,177,156,175,197,187,208,217,183,202,160,197,199,207,209,248,190,228,168,219,196,226,208,1
222,293,175,271,143,235,136,195,155,168,176,193,169,166,165,197,171,213,201,191,192,164,188,204,198,217,228,193,217,169,210,207,218,219,259,200,240,178,231,205,236,218,1
230,298,182,277,150,239,145,198,164,174,188,195,182,171,177,204,183,218,213,193,203,170,198,209,208,220,240,195,227,175,219,212,227,222,269,205,251,185,240,212,246,223,1
234,304,188,284,156,244,151,201,173,178,193,199,184,173,181,209,189,221,220,197,209,174,204,216,215,226,247,201,234,178,226,218,235,228,278,211,259,191,248,218,254,229,1
235,305,188,283,156,243,152,201,173,178,195,199,184,174,181,209,189,221,221,198,209,175,205,217,216,226,249,202,235,179,227,219,236,228,279,211,260,192,250,219,256,229,1
242,309,196,287,163,247,160,204,183,180,198,202,188,176,187,213,196,222,226,200,215,177,211,221,222,228,254,204,243,181,234,222,242,230,286,214,268,194,257,221,262,230,1
256,307,209,286,177,246,176,204,202,181,213,196,205,180,204,218,210,224,241,194,229,185,228,227,238,228,269,198,256,191,250,229,259,229,298,207,281,200,273,226,280,228,1
259,307,214,288,184,248,183,206,207,183,220,204,214,179,210,216,217,224,247,203,239,182,233,225,244,230,275,207,265,185,256,225,264,232,305,216,289,198,278,225,284,233,1
263,307,221,287,190,249,189,207,215,185,226,205,222,180,218,216,223,225,253,204,246,182,241,224,250,231,280,208,272,185,263,225,270,233,310,218,295,199,284,226,289,235,1
272,308,227,287,196,247,196,206,220,185,233,201,228,181,224,217,230,224,260,200,251,183,246,225,255,228,287,203,276,187,268,226,276,230,317,214,300,201,290,227,297,232,1
275,306,234,285,204,246,204,206,230,185,241,204,236,181,232,216,237,221,269,205,261,184,254,224,262,228,295,210,286,188,276,226,283,231,324,220,311,200,299,227,303,235,1
287,307,243,288,212,248,213,206,238,186,247,206,244,182,239,217,243,226,274,206,268,184,262,226,270,231,301,210,293,187,284,228,291,234,331,219,317,202,306,229,312,236,1
296,306,252,287,221,248,221,205,249,185,253,205,251,182,247,217,250,222,281,205,276,184,270,224,276,226,309,210,303,189,294,227,298,230,339,219,327,201,316,228,320,234,1
328,302,285,284,253,243,254,202,283,184,280,198,278,184,277,218,279,221,309,195,305,186,302,224,307,222,336,199,332,198,327,232,331,228,365,209,355,213,351,236,356,232,1
343,299,300,280,269,240,273,200,303,183,296,201,294,184,292,216,294,221,324,199,319,182,316,220,321,222,352,203,347,192,340,227,344,228,381,213,370,207,363,232,367,234,1
373,299,331,283,297,241,298,199,328,182,320,206,319,184,319,215,320,220,348,203,348,181,344,219,346,222,375,206,378,188,371,225,370,228,404,215,400,205,394,232,393,236,1
384,301,343,282,313,240,318,200,347,185,338,205,333,183,334,213,338,218,366,204,362,182,359,221,364,223,393,208,390,192,383,228,385,231,422,217,414,206,406,231,408,235,1
395,305,355,286,326,242,331,199,358,183,348,208,349,185,348,219,351,224,376,207,376,184,372,223,376,226,404,212,405,192,398,229,399,233,433,220,430,205,422,231,422,237,1
405,304,367,286,338,243,341,202,369,186,362,207,362,184,361,217,362,220,390,208,389,186,385,225,386,224,416,214,418,193,410,230,410,231,444,223,442,207,434,234,432,240,1
414,305,375,284,347,242,353,202,382,187,370,210,370,185,369,217,372,223,398,211,399,186,396,225,398,229,426,217,428,196,421,233,421,238,454,227,452,209,444,236,444,244,1
427,306,387,286,356,244,363,203,396,191,378,211,380,189,378,222,379,225,408,211,410,189,405,228,407,228,435,215,439,197,431,234,430,235,464,224,463,211,455,237,454,242,1
438,310,397,291,368,249,373,208,399,190,390,215,391,189,392,222,393,230,420,215,422,189,419,230,419,235,447,220,451,198,444,237,443,243,476,230,475,215,468,243,467,249,1
446,315,406,291,379,247,387,206,417,191,403,217,402,191,400,224,402,231,432,219,432,192,428,232,431,236,460,225,462,199,452,236,453,243,490,235,487,216,477,242,477,251,1
454,316,415,295,388,249,395,208,425,194,412,216,414,193,411,226,411,231,442,218,444,194,438,233,441,235,469,225,474,203,464,240,464,242,498,236,498,220,488,247,487,252,1
457,317,420,294,395,248,404,207,436,197,420,217,422,193,420,225,421,231,450,220,452,196,446,236,448,238,477,228,482,208,472,245,471,248,505,240,505,223,495,251,493,257,1
466,319,426,300,400,249,410,206,443,196,424,219,427,193,425,227,426,234,454,222,457,194,451,236,452,241,481,229,486,205,476,244,475,249,509,241,510,224,500,252,498,260,1
467,321,426,300,400,252,408,207,440,198,426,218,428,193,425,227,425,237,455,221,457,195,451,236,452,243,482,229,486,204,476,243,475,251,510,241,510,223,500,251,498,261,1
469,321,429,301,403,251,415,207,448,195,429,218,431,193,429,226,431,232,459,222,462,192,456,233,457,237,486,230,493,206,481,245,479,249,514,242,516,224,504,253,501,261,1
470,318,430,297,404,250,415,208,446,193,427,216,428,191,427,225,429,234,457,218,460,193,454,235,456,240,485,225,490,204,480,243,479,247,513,237,513,223,503,251,501,257,1
466,314,428,291,404,244,415,202,447,193,426,212,427,186,425,220,427,229,456,215,458,192,452,233,453,237,484,223,488,203,477,240,476,244,512,236,512,220,502,247,500,254,1
464,310,425,286,399,240,408,201,438,190,419,211,422,184,420,218,420,227,449,213,454,188,449,230,447,235,477,220,484,197,475,237,472,243,506,231,508,215,499,245,495,252,1
455,306,416,283,390,239,402,200,433,190,415,207,417,182,413,215,414,224,444,211,447,186,439,227,441,231,471,218,476,196,465,233,465,237,499,229,499,214,488,241,487,247,1
450,309,408,285,381,239,391,199,420,187,407,210,407,184,403,215,404,224,436,212,437,185,431,225,433,231,463,218,466,194,456,231,456,237,492,230,490,212,480,239,478,248,1
441,307,401,285,372,241,378,200,409,190,396,211,399,186,396,219,395,225,425,212,429,188,424,229,423,231,453,217,459,196,450,234,448,238,481,228,482,213,474,241,471,248,1
426,308,388,286,361,245,368,205,400,191,387,214,384,190,382,221,386,228,416,214,416,189,412,228,415,234,443,220,447,199,438,235,438,241,471,232,471,216,461,242,459,250,1
424,315,384,293,354,249,361,207,392,193,376,223,374,197,375,227,379,236,406,222,407,195,404,234,406,242,434,226,438,200,431,237,430,245,463,235,462,218,454,245,452,254,1
408,324,370,300,344,256,350,215,380,201,371,224,369,199,369,231,370,238,400,226,400,201,395,240,396,243,429,233,430,210,421,247,421,251,459,245,454,226,444,253,443,261,1
408,332,367,309,338,264,345,222,374,208,363,232,358,204,361,237,366,246,393,231,390,204,389,246,393,251,421,237,421,213,415,253,417,260,451,248,447,230,438,258,437,267,1
411,333,368,309,339,266,345,225,371,206,361,231,358,203,360,236,365,247,392,230,389,203,388,245,392,253,421,236,422,211,415,251,415,261,451,248,447,230,438,258,436,267,1
411,342,366,319,335,273,344,229,374,218,358,240,354,211,357,248,361,256,390,240,388,212,385,256,387,260,419,245,419,220,411,261,413,266,449,254,443,238,435,267,437,273,1
415,342,371,320,341,277,348,233,376,216,364,239,362,209,364,245,368,253,395,241,394,212,391,255,394,259,424,247,426,221,417,262,418,267,454,257,452,239,441,267,440,275,1
422,340,378,317,349,273,356,232,383,215,373,241,372,212,372,247,374,254,403,242,404,215,400,256,402,260,432,248,435,223,427,262,427,267,462,257,459,241,450,268,450,275,1
431,340,389,316,362,270,374,230,405,218,383,241,381,213,382,246,386,254,413,242,414,216,411,255,413,259,441,247,444,222,436,260,436,265,471,256,469,239,460,266,459,274,1
439,341,400,317,373,271,382,231,413,216,398,239,397,214,394,246,396,255,427,240,428,215,423,252,426,259,455,246,458,223,449,259,448,266,484,258,481,239,471,265,470,275,1
454,340,415,317,388,269,396,228,427,216,407,240,406,214,407,248,411,253,436,241,439,216,435,256,436,257,464,247,470,225,462,261,461,264,493,257,495,242,485,269,483,275,1
464,340,424,316,399,269,410,229,440,222,420,239,422,214,421,247,423,254,450,241,451,216,447,254,450,258,477,249,481,228,471,263,472,268,505,260,505,244,495,269,495,277,1
474,341,433,317,408,270,420,230,450,220,428,241,434,214,432,248,432,257,458,244,465,217,460,256,459,261,486,250,494,231,485,268,482,272,514,261,517,246,508,273,505,281,1
487,345,446,315,420,273,429,235,456,221,440,249,439,225,444,242,450,247,469,251,473,227,473,253,472,260,497,257,502,237,498,264,494,272,526,268,530,252,522,273,516,283,1
491,343,453,320,428,278,437,240,466,228,453,249,456,223,453,250,453,259,482,253,487,228,481,261,480,267,508,261,514,241,505,272,503,278,535,273,537,257,529,280,526,288,1
499,350,462,325,437,282,446,244,476,234,463,257,464,231,463,254,464,265,491,260,494,233,490,261,488,272,517,268,522,245,515,274,509,284,543,282,547,264,539,284,532,295,1
498,349,461,324,438,280,448,245,476,235,463,256,462,231,462,253,462,264,491,259,492,235,490,262,488,272,518,267,521,245,514,272,509,282,544,281,548,263,539,284,531,295,1
515,363,476,341,449,298,456,261,482,248,473,269,477,242,476,269,475,282,501,271,507,246,504,279,502,289,528,277,534,258,528,290,523,298,554,289,558,272,551,298,546,309,1
520,372,481,349,456,305,467,269,496,261,472,279,474,251,478,279,479,291,502,280,506,255,506,289,502,297,530,285,535,270,530,304,525,310,559,294,561,284,555,311,551,318,1
525,382,484,363,460,319,468,280,488,264,475,291,475,261,481,288,481,301,504,291,507,264,509,296,505,305,532,294,537,275,535,309,528,317,561,301,565,286,560,314,553,326,1
523,393,484,366,463,323,479,289,508,281,478,300,480,269,481,296,480,311,508,302,513,272,511,305,508,317,537,309,544,286,536,317,530,328,566,321,570,304,559,327,551,338,1
531,401,490,378,464,330,474,292,501,281,486,302,494,275,495,305,491,316,515,305,525,279,523,316,518,323,543,312,554,293,547,328,540,334,569,324,578,310,570,337,562,346,1
535,404,494,377,470,330,485,292,517,288,495,307,502,279,499,309,497,322,525,310,533,285,527,319,523,330,553,316,561,295,551,329,546,338,581,327,583,311,573,338,571,348,1
538,402,500,378,476,333,488,295,519,285,503,311,507,281,506,306,504,321,533,314,540,285,536,315,533,329,561,322,569,297,560,326,554,339,588,335,593,318,583,340,577,353,1
548,401,510,376,487,333,501,297,533,285,512,309,515,281,513,306,512,319,542,311,547,287,543,316,542,325,570,319,576,300,567,330,562,337,597,333,600,320,590,345,585,354,1
554,402,518,377,498,334,513,298,548,291,520,308,524,282,522,311,521,320,549,311,558,286,552,322,550,327,576,319,587,302,577,335,572,337,602,333,610,321,600,346,594,352,1
564,402,526,379,506,332,524,295,558,287,530,308,536,281,534,309,532,321,559,312,567,283,562,318,561,327,585,320,595,301,587,335,583,341,612,335,619,322,610,347,604,356,1
573,395,535,377,513,328,531,291,564,286,532,307,537,275,539,302,538,317,562,310,571,279,570,314,565,327,589,317,601,293,594,328,586,339,616,329,625,316,618,343,612,353,1
574,395,536,372,517,327,540,295,573,292,533,307,538,276,542,300,542,316,563,310,572,282,571,313,566,323,591,318,602,297,595,328,587,336,618,330,626,319,616,343,608,353,1
585,393,546,374,521,324,538,287,571,288,548,303,556,273,554,300,548,315,577,309,589,281,582,314,573,327,602,316,615,298,604,331,592,343,626,326,634,313,624,341,616,353,1
584,402,545,375,525,325,544,291,575,290,551,306,568,280,563,307,555,319,580,313,597,285,588,318,577,328,605,321,623,301,610,333,596,341,628,334,638,320,628,344,618,353,1
579,398,542,373,521,325,536,291,565,286,547,305,555,276,551,302,546,318,576,309,585,284,579,315,571,328,602,318,613,298,603,329,593,339,626,332,636,315,625,339,616,350,1
572,399,537,375,515,328,527,292,556,284,545,304,552,275,549,303,546,314,573,309,581,283,575,317,571,325,599,318,608,298,599,329,593,335,624,332,630,318,621,342,614,350,1
563,399,527,371,509,323,523,288,550,280,537,299,544,271,541,301,539,312,566,303,574,278,567,312,564,318,592,313,601,294,590,326,586,330,619,328,624,313,612,338,607,345,1
551,389,518,356,501,314,510,281,535,268,523,290,528,265,531,277,532,288,554,295,563,267,563,285,558,298,583,307,595,283,589,303,581,315,609,325,619,307,611,324,601,336,1
547,376,511,346,492,300,503,265,531,260,522,280,530,254,524,280,520,289,551,284,558,257,551,285,546,295,578,292,585,268,574,293,566,303,604,306,608,285,597,303,589,313,1
548,358,511,329,486,288,495,254,523,247,511,266,516,240,520,249,521,261,543,268,549,242,551,260,548,277,571,276,580,253,577,274,570,291,595,290,604,272,598,290,590,305,1
543,343,505,317,481,274,488,242,509,228,504,247,509,219,511,245,507,256,533,247,538,222,538,251,532,262,561,251,565,229,562,257,554,268,584,260,588,243,583,265,577,277,1
536,326,498,298,476,256,489,224,520,218,492,232,494,203,502,216,504,230,523,231,528,202,534,224,532,240,552,236,560,214,560,237,555,253,578,247,585,230,582,248,578,263,1
532,309,492,278,469,235,478,204,503,197,486,213,486,182,495,194,499,210,516,213,520,184,527,204,526,223,546,219,552,193,553,216,547,236,572,231,580,210,576,228,568,246,1
532,308,492,280,469,238,477,205,502,196,488,213,488,183,496,191,499,206,518,213,522,184,529,201,526,221,547,219,554,193,555,214,549,235,574,232,581,210,578,227,570,246,1
517,284,479,246,456,202,465,168,496,163,483,177,483,155,481,174,479,184,511,177,513,154,511,180,508,189,539,184,544,162,537,185,530,196,566,197,571,177,562,197,554,209,1
513,262,476,230,451,185,462,150,493,145,472,157,473,133,474,162,474,172,502,158,506,134,505,170,503,180,531,165,537,144,531,177,526,187,558,177,561,162,554,186,549,196,1
511,247,471,213,447,171,457,136,487,128,477,137,483,116,481,141,477,158,505,139,510,118,507,150,503,166,532,148,538,128,530,159,522,174,557,164,563,146,552,167,541,179,1
505,233,464,203,439,158,453,119,487,111,467,130,467,106,461,134,461,140,495,130,496,106,490,140,490,145,523,137,526,113,516,144,514,152,551,149,553,128,541,150,534,162,1
499,219,455,187,430,145,443,111,471,100,459,115,460,94,457,118,456,131,490,116,492,92,488,124,487,139,520,123,522,99,513,129,509,144,548,138,547,118,537,138,530,150,1
496,206,451,176,425,138,433,103,457,89,450,106,452,82,455,106,454,119,482,105,486,79,485,113,482,128,511,111,515,85,510,118,503,134,539,124,543,102,532,125,523,140,1
491,196,445,167,421,128,431,93,455,79,441,96,445,71,448,100,446,110,472,95,477,68,478,105,474,116,503,99,509,74,504,111,498,124,532,109,535,90,527,115,520,128,1
486,189,442,163,414,118,426,81,455,68,439,89,440,63,439,94,439,102,470,88,471,61,467,100,468,107,499,93,501,65,493,103,492,114,530,104,526,84,516,110,513,122,1
484,182,437,155,409,114,419,79,443,64,436,83,437,57,437,86,437,97,466,83,468,54,464,90,464,103,495,88,499,61,490,97,485,112,524,100,524,77,513,101,506,115,1
477,175,433,151,405,106,418,69,448,58,430,77,431,52,430,81,430,93,461,77,462,49,459,88,461,100,490,82,493,56,484,92,482,106,519,92,519,70,508,95,503,108,1
475,168,428,143,400,101,411,63,438,49,424,70,428,45,428,74,426,83,455,70,458,44,454,82,453,91,484,74,488,51,479,88,476,98,513,84,513,65,503,91,498,103,1
474,166,429,143,400,103,410,64,437,48,425,71,429,45,429,73,427,85,455,70,458,42,455,79,454,91,484,73,489,51,481,87,477,99,513,83,514,65,504,91,499,103,1
467,157,419,129,390,90,400,52,427,40,417,63,417,37,415,65,416,74,448,62,447,34,444,72,446,83,476,66,476,37,469,76,469,90,506,75,504,51,492,78,488,93,1
461,154,416,130,389,88,399,51,424,36,417,58,420,32,420,60,418,73,447,57,448,29,446,66,445,80,474,61,477,34,470,71,466,87,502,72,501,49,491,73,485,88,1
461,150,417,128,388,88,397,47,425,33,414,58,413,30,413,58,415,71,444,56,443,27,439,66,442,79,471,60,472,32,464,70,463,85,500,70,497,46,486,72,484,87,1
460,149,412,122,386,84,396,44,424,28,414,55,416,27,416,50,418,66,444,54,446,25,443,61,444,79,471,59,475,32,466,67,463,86,500,72,499,46,487,70,482,86,1
461,152,414,128,385,90,394,49,422,32,409,57,409,28,409,59,411,72,439,54,440,24,436,66,439,78,468,58,469,31,461,70,462,84,498,69,493,45,484,72,483,85,1
460,147,412,123,384,84,394,45,421,31,411,53,410,27,410,56,410,67,441,53,440,25,437,61,437,73,470,57,469,31,462,68,460,81,500,66,496,43,486,69,482,84,1
462,151,416,127,387,85,396,45,427,31,414,56,413,31,414,60,417,72,443,55,442,28,439,64,443,75,472,58,471,33,464,69,464,82,501,68,497,45,487,72,485,85,1
468,150,421,124,393,86,403,47,431,32,418,58,418,32,418,60,419,73,447,57,447,29,445,65,447,78,475,60,475,34,469,71,468,86,504,70,501,47,492,72,489,87,1
471,150,423,126,396,86,408,47,436,32,419,61,420,33,420,60,420,72,448,59,448,31,447,66,447,78,476,62,478,35,472,70,470,84,505,71,504,49,495,76,491,90,1
473,152,426,130,399,89,414,52,442,39,427,61,436,37,435,65,433,75,457,61,463,36,460,71,458,81,483,64,490,43,483,77,478,89,509,74,511,54,503,79,497,91,1
479,153,433,127,408,91,418,54,443,39,427,65,428,39,435,53,441,62,457,64,460,36,463,66,464,82,484,67,488,45,484,76,482,92,512,77,513,56,506,79,502,93,1
478,153,434,130,408,91,417,53,443,38,429,64,429,39,433,60,434,71,458,62,459,35,460,68,460,82,485,65,488,43,483,76,479,89,513,74,513,56,505,79,498,92,1
486,158,439,131,415,93,427,57,452,43,443,69,444,44,443,69,444,82,471,69,472,43,469,76,470,89,497,74,499,50,491,82,489,96,525,84,522,63,513,85,510,98,1
489,162,446,139,419,99,429,62,460,50,450,71,451,47,448,73,447,83,477,71,477,48,472,80,473,90,503,76,504,54,495,86,493,99,529,85,528,65,517,87,512,101,1
492,161,450,136,425,100,436,63,466,49,455,74,454,49,451,74,451,85,482,74,481,49,477,81,479,92,508,80,508,55,499,88,498,101,536,91,532,68,521,92,517,105,1
497,166,453,143,427,104,438,68,466,55,460,76,471,51,467,73,462,87,488,79,497,52,492,84,488,102,513,85,520,63,512,93,506,111,537,97,540,74,530,95,522,110,1
500,168,457,145,432,103,444,67,472,56,460,77,464,53,461,80,459,89,487,79,490,54,485,87,485,96,513,84,515,63,507,95,505,104,541,94,538,75,529,99,527,110,1
505,170,461,142,437,104,448,68,474,55,464,81,470,56,468,79,465,88,491,82,494,56,490,86,488,97,516,86,518,65,511,95,508,105,543,96,542,76,532,98,527,110,1
505,170,463,145,438,104,449,69,477,57,463,82,465,56,465,80,465,91,491,82,493,55,490,87,491,97,518,87,520,63,513,95,510,106,545,97,545,77,536,99,531,110,1
508,169,466,145,439,106,447,68,471,53,469,79,472,53,468,78,467,91,496,81,497,54,492,87,492,99,522,86,523,62,514,94,513,108,549,97,547,75,537,98,532,111,1
518,169,473,143,448,104,458,66,486,55,477,81,483,53,480,78,478,92,504,83,510,56,505,89,504,102,529,88,534,63,525,96,522,110,555,98,556,76,546,99,541,112,1
516,167,476,141,451,100,463,63,495,55,479,76,477,52,476,78,478,85,507,76,505,53,502,85,505,93,533,81,533,60,525,93,525,103,562,91,558,72,547,96,544,108,1
516,165,477,140,454,99,465,62,497,51,480,73,481,50,479,76,481,84,508,75,509,52,505,85,507,93,534,81,536,60,527,93,526,102,561,92,558,72,548,96,545,108,1
522,161,479,139,453,99,464,62,492,48,481,72,481,48,479,76,480,84,509,73,510,48,506,83,508,92,535,78,537,56,528,91,527,101,562,90,559,70,549,96,546,108,1
523,161,483,135,459,97,468,60,498,48,485,69,485,46,485,72,486,82,513,70,514,47,510,81,511,90,539,76,541,55,533,89,531,99,566,88,565,69,554,92,550,103,1
524,158,484,135,460,95,469,57,498,44,484,68,490,44,492,69,491,79,512,68,517,45,515,78,512,87,539,72,544,52,538,85,532,94,565,83,568,66,559,90,553,101,1
528,154,488,131,463,91,473,53,501,41,490,64,492,38,490,66,489,79,518,65,520,40,514,75,514,84,544,70,547,48,537,83,534,93,572,81,569,62,560,87,556,98,1
529,154,490,127,466,88,475,51,504,38,493,62,494,36,492,61,492,74,521,63,521,38,518,70,518,81,547,69,549,44,541,75,537,89,574,81,573,59,563,82,557,95,1
532,152,493,127,469,85,480,48,508,35,491,58,496,33,495,62,494,72,519,58,524,34,521,71,518,79,547,63,553,42,545,78,539,87,574,74,575,59,566,85,561,93,1
534,149,495,125,471,83,480,45,509,32,493,55,496,29,497,55,496,66,522,56,526,32,523,67,521,75,549,62,555,41,547,74,541,84,576,73,579,55,569,79,561,90,1
535,146,496,123,473,80,484,42,515,30,497,52,499,25,498,55,496,63,525,54,528,29,524,66,522,71,551,60,556,38,548,75,544,82,579,70,579,53,570,81,564,91,1
541,145,500,119,476,79,487,41,515,27,498,49,499,24,501,50,501,63,526,51,528,26,526,60,525,70,553,57,558,36,550,69,545,81,580,69,583,50,573,75,565,88,1
544,146,501,120,477,79,487,39,516,27,498,51,500,24,501,52,500,63,525,53,528,27,526,63,524,70,551,58,558,36,551,70,544,80,578,68,583,50,574,75,565,86,1
546,144,506,118,482,76,493,38,523,30,507,49,510,25,510,53,508,63,535,51,538,27,535,62,533,69,561,58,566,37,559,70,553,78,588,69,590,51,581,75,573,85,1
545,144,505,118,484,77,496,40,526,28,511,49,515,24,514,49,512,61,539,51,543,26,540,59,537,71,564,57,570,36,563,68,557,82,589,70,594,50,585,73,576,86,1
550,142,511,117,489,77,501,40,530,28,513,50,517,26,516,53,514,65,541,51,545,26,541,61,539,73,566,58,573,36,564,70,558,82,592,71,596,52,585,76,577,88,1
557,146,514,119,493,78,504,41,529,26,516,52,522,25,523,51,521,66,544,53,549,26,547,62,544,74,570,59,578,38,569,72,563,85,596,72,601,53,591,76,582,88,1
553,147,512,116,494,76,507,39,535,27,519,51,523,26,522,50,521,65,547,53,550,25,548,58,546,76,572,61,578,36,570,68,564,86,599,74,602,54,591,75,582,89,1
558,149,517,122,495,80,508,40,538,27,524,54,528,27,527,53,526,65,551,56,555,30,551,64,550,75,577,62,584,38,574,70,568,84,603,75,608,56,596,77,588,89,1
559,150,520,124,497,77,510,38,539,28,526,53,534,27,530,54,527,64,554,55,561,31,554,64,550,73,579,62,587,42,577,74,569,83,605,74,609,58,598,80,588,90,1
559,149,520,121,498,78,509,40,538,31,528,54,535,26,531,52,528,65,555,56,561,31,556,63,552,76,581,63,587,40,578,71,570,84,606,76,609,58,598,79,588,91,1
562,151,521,123,498,81,512,42,543,33,528,55,535,28,532,55,529,70,555,57,562,31,557,65,553,81,581,64,588,41,578,74,572,90,607,77,610,57,599,80,590,94,1
559,157,519,128,497,82,514,45,545,39,520,59,523,33,524,60,524,73,549,60,554,34,551,71,548,83,576,67,583,43,575,80,568,93,603,80,606,60,595,86,586,99,1
557,156,517,131,494,87,506,46,537,40,521,61,525,32,524,59,523,73,548,63,554,36,550,70,545,83,574,69,582,45,573,78,565,93,600,81,605,62,593,86,584,100,1
549,160,512,131,491,89,501,51,529,39,514,62,516,38,519,66,521,77,542,63,547,39,544,76,542,85,569,70,577,49,568,84,563,94,595,83,600,65,590,90,582,101,1
538,162,503,133,484,90,496,54,525,43,511,65,513,41,506,65,505,75,538,66,541,41,533,72,532,83,564,74,570,50,558,79,553,91,590,87,593,67,579,88,571,101,1
533,164,495,137,474,94,486,55,515,43,502,67,506,41,500,67,498,82,530,70,534,41,527,75,525,91,557,77,563,49,551,81,545,99,584,91,585,68,573,91,566,107,1
524,168,487,141,466,96,478,59,508,46,491,69,495,45,491,74,490,85,519,70,524,46,518,81,518,90,546,76,551,56,543,90,540,100,574,89,575,71,565,97,561,108,1
511,168,473,142,450,100,461,63,490,52,475,72,478,46,475,76,474,85,504,74,508,47,502,82,501,89,532,81,538,56,528,89,524,97,560,93,561,75,550,101,544,112,1
500,174,461,150,437,105,449,69,478,58,461,80,465,51,464,79,463,90,490,80,495,51,491,86,489,97,518,84,524,58,517,91,512,102,546,94,549,74,541,101,535,113,1
485,179,444,154,420,112,430,76,456,61,446,84,448,57,446,87,446,98,474,84,477,55,474,92,474,104,502,88,506,61,501,97,499,111,531,99,533,78,525,105,519,118,1
471,185,430,165,404,122,411,85,432,67,433,90,433,64,432,97,434,109,462,90,463,62,460,100,463,113,490,95,492,66,485,103,485,118,519,107,518,83,508,110,504,125,1
455,192,414,172,385,128,393,86,423,70,412,94,414,71,415,104,413,114,441,90,444,67,444,107,443,116,470,93,473,69,470,108,468,118,499,103,499,83,494,111,492,122,1
456,192,414,172,386,128,395,88,425,72,410,92,415,69,416,101,413,109,439,88,444,64,444,105,441,114,468,90,474,69,471,109,467,119,497,100,499,82,494,112,490,122,1
428,203,387,182,358,138,363,96,392,79,378,100,376,76,379,110,381,120,408,96,407,70,408,114,411,122,438,100,441,77,436,119,437,126,471,111,468,97,462,127,461,132,1
419,205,371,188,337,142,345,99,376,80,360,103,361,77,363,113,365,122,394,100,393,69,392,113,395,122,426,103,427,76,422,119,421,127,459,113,455,95,448,126,446,134,1
407,208,359,192,325,148,334,103,365,83,341,106,343,79,347,116,350,127,376,100,376,71,378,118,381,126,409,101,411,79,408,125,408,131,443,110,439,97,434,130,434,135,1
391,210,344,195,310,150,317,106,344,85,327,108,333,79,336,116,336,131,361,102,366,71,368,118,368,130,394,103,400,79,398,123,394,133,426,111,428,95,424,127,420,135,1
377,210,330,193,294,151,296,106,323,85,310,104,313,82,318,121,318,130,347,98,345,73,349,122,352,129,380,99,380,81,378,125,378,130,414,107,408,101,403,133,403,135,1
362,212,314,195,279,150,285,107,312,87,296,104,300,82,302,119,302,129,331,99,332,73,333,119,335,127,365,100,365,80,362,123,362,130,400,109,393,96,388,127,387,134,1
344,210,298,194,261,151,263,108,289,86,279,102,283,78,287,114,287,129,314,97,316,70,319,115,320,127,347,98,352,78,349,120,346,129,382,107,379,94,375,125,373,132,1
329,213,280,195,242,151,247,107,279,87,266,104,264,79,266,118,268,130,301,99,297,70,298,118,303,129,334,101,331,77,327,123,329,132,370,110,360,92,353,126,354,135,1
312,216,266,201,227,154,231,110,263,90,242,106,245,82,250,124,250,131,278,99,277,72,280,122,282,127,314,99,311,79,310,126,310,129,350,105,340,94,337,127,338,130,1
297,219,248,205,204,160,203,115,234,95,224,112,223,87,227,129,228,138,259,105,254,78,258,126,260,133,293,105,288,82,288,128,289,133,330,109,319,96,316,130,318,135,1
277,223,226,208,184,165,185,118,216,98,205,116,204,88,209,130,210,143,240,109,238,81,242,130,243,136,273,109,272,85,272,130,271,136,308,116,301,100,299,133,298,140,1
257,230,203,211,160,171,161,125,195,105,178,124,170,98,179,139,186,148,214,117,207,90,214,138,219,141,250,116,244,92,245,138,249,142,289,121,278,105,274,139,277,146,1
236,236,184,222,135,182,131,135,165,114,163,128,153,104,157,147,163,154,199,122,186,98,189,146,199,147,233,123,222,102,221,148,226,149,271,129,256,113,251,148,255,155,1
222,242,171,235,120,193,113,145,145,124,147,139,135,109,141,149,149,161,181,132,169,104,172,150,183,154,216,132,204,106,203,152,211,157,254,137,237,120,232,153,238,161,1
203,255,151,246,101,203,94,154,126,132,131,145,121,120,125,165,130,176,165,139,152,115,155,164,165,166,199,141,187,118,186,165,192,168,237,147,220,129,214,163,219,171,1
187,262,135,252,87,210,78,160,109,137,119,158,108,130,109,171,115,180,151,151,138,119,137,165,149,170,184,152,172,121,167,167,175,174,221,158,204,134,196,167,202,177,1
176,266,124,258,76,218,67,171,96,146,104,165,91,139,93,178,102,188,137,157,122,125,120,171,133,178,170,157,158,124,151,172,159,183,208,164,190,138,180,171,185,184,1
160,274,107,261,63,223,52,177,81,153,96,170,80,146,83,187,92,195,128,164,111,135,112,184,125,189,162,165,145,135,141,183,152,191,199,170,177,146,170,179,178,190,1
151,279,100,267,55,229,45,184,72,159,90,173,74,152,76,192,88,199,122,167,105,142,104,188,120,194,154,168,138,141,132,187,145,196,190,175,168,152,159,184,167,196,1
142,286,92,275,48,234,38,190,64,164,80,177,66,160,69,199,79,205,112,171,95,148,96,195,110,200,144,172,129,147,124,193,135,199,180,178,160,159,151,190,159,197,1
134,292,84,281,40,243,29,198,56,174,75,186,64,161,63,200,70,211,106,181,92,153,89,198,101,207,138,183,125,151,116,196,125,209,174,190,154,164,142,194,147,209,1
131,301,78,289,34,249,25,204,51,178,69,196,55,173,55,212,66,222,100,190,84,159,81,206,96,217,133,190,118,158,110,206,121,219,170,197,148,171,136,204,143,218,1
130,311,78,298,34,256,23,213,48,189,72,199,56,175,55,215,66,227,102,194,85,164,82,213,97,224,134,196,117,166,110,214,122,226,169,204,146,178,136,211,144,225,1
131,321,76,305,33,265,20,221,45,197,74,206,55,184,57,222,70,234,104,202,85,173,84,222,99,233,135,203,115,174,111,222,124,235,170,211,144,186,136,219,145,234,1
130,330,77,311,35,272,23,228,50,204,77,211,58,192,59,233,72,243,107,207,87,182,86,231,103,240,139,209,117,182,113,230,127,239,175,218,147,196,138,228,149,240,1
132,336,81,316,39,276,27,234,55,212,80,216,62,198,64,238,76,249,110,212,92,187,90,236,106,247,142,215,122,188,117,236,131,247,178,225,152,203,143,236,152,248,1
135,347,85,327,45,285,33,243,59,221,86,220,67,208,69,249,81,254,116,216,96,197,95,246,111,252,148,219,126,198,121,246,136,253,183,229,156,214,147,246,159,252,1
136,353,87,331,50,288,41,246,68,227,92,229,73,214,74,255,87,262,122,225,103,203,101,252,117,259,153,229,133,205,127,253,141,260,188,240,162,222,153,253,163,261,1
147,359,95,336,57,295,48,252,76,232,96,237,80,221,82,260,94,269,127,233,111,209,110,256,123,266,159,236,142,212,136,257,148,265,194,248,170,228,161,259,170,268,1
153,366,103,344,65,300,56,257,83,241,106,244,93,225,92,264,102,274,137,241,121,216,119,263,133,272,168,244,151,220,144,264,156,272,203,255,179,236,169,266,178,276,1
159,371,110,349,72,306,65,263,92,248,114,249,101,230,100,270,110,279,145,247,130,223,127,271,139,279,176,251,159,227,151,273,162,280,210,263,186,244,176,275,184,283,1
157,376,111,351,77,308,72,267,100,252,122,255,109,235,105,275,114,284,151,254,138,229,132,276,144,284,181,259,167,233,157,278,168,286,215,271,194,252,182,281,190,289,1
164,383,117,356,83,315,77,274,105,258,128,263,112,242,110,281,121,291,158,262,141,236,137,282,151,291,188,268,171,241,163,285,175,294,221,281,198,260,187,290,196,299,1
170,390,123,364,90,322,85,282,110,266,133,268,117,248,117,287,128,296,163,268,147,243,144,290,158,298,193,274,177,247,169,292,181,300,226,287,204,266,192,295,201,304,1
177,395,128,370,94,327,89,284,116,272,137,273,122,252,122,291,132,300,167,272,153,248,149,294,163,301,197,278,183,253,174,297,186,305,230,291,210,271,198,300,206,309,1
176,398,131,374,99,327,95,284,124,276,143,275,128,255,129,295,140,304,174,275,159,252,156,299,169,307,203,282,190,258,180,302,191,311,236,296,216,276,203,305,210,315,1
184,402,137,378,103,331,99,287,129,277,147,276,132,258,132,299,143,307,178,276,162,255,159,302,174,309,208,284,192,260,184,306,196,313,240,298,219,280,207,310,215,318,1
187,405,140,380,107,336,104,293,134,279,149,283,134,260,133,301,145,312,180,283,165,257,161,305,176,313,211,290,196,261,187,307,199,318,244,304,223,282,210,312,217,323,1
193,411,143,388,108,340,106,296,134,284,150,287,135,266,136,306,147,315,181,286,166,261,163,308,177,316,212,293,197,264,189,311,201,320,245,307,224,286,212,317,220,326,1
188,413,141,391,105,344,103,298,134,287,147,293,133,268,131,308,141,318,178,293,164,264,159,311,172,320,209,299,197,268,186,315,196,327,242,313,224,289,210,321,216,332,1
186,417,137,395,99,347,97,303,128,290,141,297,129,273,126,313,135,320,172,298,158,271,153,317,166,321,203,304,191,273,179,319,190,327,236,316,218,294,204,325,210,334,1
172,423,124,398,88,353,85,311,116,296,134,299,119,279,116,320,125,326,165,300,149,276,142,323,155,326,195,308,181,279,169,326,180,332,228,322,209,299,194,330,201,338,1
163,425,115,403,79,358,77,317,105,303,117,305,102,286,100,326,112,329,149,304,133,279,127,324,141,329,181,310,166,284,154,328,165,334,217,322,194,302,179,332,186,339,1
145,429,99,405,65,359,59,320,89,309,111,305,97,290,92,328,101,332,143,305,126,285,117,328,130,331,174,312,157,292,143,333,153,337,207,325,183,308,168,334,175,340,1
136,435,89,410,53,365,45,326,73,315,96,310,76,296,78,335,90,339,127,307,106,290,104,336,118,339,159,312,138,294,131,338,143,343,193,323,167,311,155,340,162,346,1
125,437,78,412,43,368,35,329,64,316,88,312,71,296,70,334,81,340,119,310,98,293,94,337,108,340,149,315,128,299,119,341,131,345,182,326,155,314,143,342,151,349,1
110,437,67,412,33,369,21,332,48,322,82,304,57,298,58,337,71,340,112,304,83,297,81,342,98,343,142,311,114,302,106,344,120,346,173,325,145,316,131,344,139,349,1
109,440,62,416,26,374,17,334,47,321,73,305,47,298,49,340,63,343,106,303,77,299,76,346,92,347,137,309,109,305,102,349,117,352,169,323,142,318,130,345,138,350,1
100,442,52,417,19,373,9,335,37,325,72,301,42,300,45,339,58,342,103,298,68,301,70,346,88,345,133,305,99,307,94,350,110,350,162,321,129,322,118,349,129,352,1
90,443,43,419,12,378,5,341,31,328,68,303,35,302,38,342,54,345,97,301,60,303,61,349,79,348,126,308,88,310,84,352,100,353,153,323,117,326,108,353,120,355,1
91,446,43,422,11,381,6,345,29,326,61,312,34,306,36,345,51,351,89,309,58,304,58,348,75,351,117,314,86,308,81,350,95,354,146,327,115,325,104,351,114,356,1
89,444,43,420,12,381,4,345,30,328,64,312,36,304,38,345,53,351,92,310,61,304,60,351,77,354,120,316,89,311,83,354,99,358,148,330,119,326,109,352,120,357,1
98,443,50,421,16,382,9,343,38,327,69,310,39,307,41,347,56,350,100,307,65,307,67,351,84,351,129,312,93,313,90,355,106,356,158,326,121,327,115,355,127,357,1
107,446,59,419,26,377,15,340,43,329,75,312,51,303,53,341,66,346,104,309,77,303,76,347,91,349,133,314,104,310,99,351,112,354,162,327,133,323,122,349,131,354,1
110,443,65,418,32,376,21,339,49,327,80,311,57,300,59,341,72,344,109,310,84,300,83,346,98,346,139,315,113,306,107,349,120,351,169,328,143,321,132,348,142,352,1
120,442,75,418,41,373,31,334,61,325,87,313,68,301,68,341,80,344,117,312,97,300,93,343,108,345,146,317,126,306,116,346,129,349,177,330,153,320,141,347,150,352,1
136,438,89,413,53,371,43,332,72,323,95,315,77,300,77,338,89,341,125,312,104,297,101,340,116,342,156,317,135,301,126,341,139,346,188,329,163,318,150,346,159,352,1
143,435,100,411,66,368,59,330,85,320,103,314,90,300,90,338,99,342,134,312,119,296,116,338,129,340,165,317,149,301,142,341,153,344,199,329,177,318,167,345,175,350,1
159,432,117,414,81,368,73,329,98,318,118,313,107,297,106,335,114,340,149,311,135,291,131,334,142,339,179,316,165,298,157,339,166,344,213,327,192,314,183,343,190,349,1
174,431,130,412,94,367,90,325,120,315,132,311,116,299,118,338,127,340,163,307,145,294,145,337,157,337,194,311,177,301,172,341,181,342,228,323,206,317,199,344,209,345,1
206,426,160,403,123,360,121,319,157,309,158,312,145,291,146,331,154,334,190,310,175,288,172,331,184,333,222,316,208,294,200,335,209,337,256,330,236,315,227,342,235,345,1
220,424,176,403,138,358,138,316,175,305,170,312,164,287,162,327,166,332,202,311,194,285,189,330,200,333,234,318,226,290,217,332,225,336,269,329,255,310,243,339,248,345,1
231,425,189,402,152,355,151,312,186,300,187,308,181,284,176,322,181,329,219,307,212,281,206,325,216,330,250,314,243,288,233,330,240,335,284,327,269,310,258,338,263,343,1
240,424,195,402,160,352,163,307,200,295,198,306,191,282,187,324,192,328,229,306,222,279,216,327,225,330,261,313,253,287,244,332,252,336,296,325,279,307,268,338,275,344,1
249,419,203,398,166,353,169,306,207,291,204,304,197,278,194,320,200,326,237,304,229,276,224,325,234,329,268,311,261,284,252,329,260,333,302,323,289,304,277,335,282,342,1
261,414,215,395,178,349,180,302,217,286,213,302,207,274,204,314,209,322,245,301,240,271,234,317,242,323,276,308,273,278,263,322,268,328,310,320,298,300,288,330,292,337,1
267,410,222,386,187,339,187,295,223,284,222,294,216,265,215,304,220,314,255,294,250,264,245,311,253,318,286,301,282,272,273,315,278,322,319,314,309,292,298,321,302,328,1
274,401,229,375,194,331,196,287,228,267,229,284,221,258,219,298,225,305,262,284,255,253,249,302,258,307,294,291,289,263,279,307,287,312,329,304,318,283,306,312,312,318,1
283,389,239,364,201,320,201,276,235,257,235,273,228,245,226,285,231,289,268,273,261,243,255,288,263,292,301,280,295,251,287,293,294,298,335,292,325,269,315,298,318,305,1
293,374,247,348,208,306,205,262,238,243,242,259,233,230,231,267,238,276,275,257,267,226,263,271,272,279,308,263,301,235,293,277,301,284,343,275,332,251,321,280,325,289,1
299,359,252,336,214,294,211,250,239,226,240,246,236,215,237,252,240,262,276,243,271,212,270,256,274,263,310,247,307,219,302,260,305,266,346,258,337,234,330,263,331,271,1
307,342,255,313,217,276,214,234,243,209,241,228,237,200,240,235,243,246,277,223,274,193,275,238,280,246,313,226,311,200,307,241,311,249,349,237,342,214,334,242,335,251,1
311,325,259,298,221,258,215,215,241,188,242,211,238,184,241,219,243,229,278,205,273,173,276,218,281,227,316,207,311,178,309,221,312,229,353,216,343,193,337,222,339,232,1
317,304,262,275,222,236,215,191,245,166,246,186,240,161,242,196,243,205,281,181,275,150,277,195,283,204,318,183,313,156,311,198,314,207,357,194,346,170,340,200,341,208,1
320,280,267,256,222,217,213,171,244,147,249,161,242,131,245,170,247,180,286,157,277,124,280,172,286,178,323,160,315,134,315,178,319,182,361,171,348,148,344,178,348,185,1
327,258,271,235,225,195,218,150,248,122,247,141,241,112,245,151,247,162,285,133,278,99,282,148,287,157,324,135,320,106,318,153,320,159,364,145,354,124,348,158,350,165,1
326,235,267,211,222,171,217,122,245,92,247,115,243,83,245,120,247,136,287,110,281,72,283,123,288,136,326,112,323,80,319,128,320,139,367,123,356,95,350,130,350,142,1
331,214,272,192,221,151,213,101,242,69,244,91,238,63,245,104,250,114,284,82,277,49,284,103,291,111,324,82,320,54,321,105,324,111,366,90,356,70,352,106,354,113,1
325,192,266,170,218,126,212,78,239,48,238,63,233,34,241,77,244,91,279,55,272,21,280,76,286,86,321,57,317,28,318,78,320,87,365,67,356,45,351,81,352,90,1
320,169,258,148,205,102,203,50,238,23,235,39,229,10,235,58,238,68,278,33,268,-1,273,56,280,64,320,35,312,4,311,57,314,63,364,44,352,18,346,58,347,68,1
319,153,249,128,196,74,204,25,255,11,230,17,219,-7,228,40,232,44,272,9,260,-16,267,37,273,36,314,10,304,-15,305,36,309,36,359,20,346,-1,341,37,344,44,1
303,131,344,85,349,19,340,-28,327,-60,264,15,238,-31,231,-65,228,-87,228,31,204,-17,199,-50,198,-74,203,47,179,0,174,-31,173,-55,185,63,163,20,158,-5,158,-24,1
323,255,250,238,191,187,188,131,219,91,203,97,193,41,206,81,214,121,259,85,250,31,263,93,270,131,316,90,310,49,315,106,316,135,373,109,362,83,361,127,360,147,1
323,257,250,238,189,185,184,130,221,102,205,98,190,42,201,85,209,125,260,86,246,29,256,88,266,125,316,89,307,43,310,99,313,130,373,105,358,75,354,117,355,141,1
324,258,249,237,189,183,186,128,223,99,206,98,190,41,201,85,210,125,260,86,246,29,256,88,266,126,317,88,306,42,309,99,313,131,374,105,358,74,353,117,354,142,1
323,259,246,236,187,182,186,127,224,99,205,97,189,40,200,85,209,126,260,85,244,27,254,86,265,127,317,87,305,40,308,98,313,132,374,104,358,72,353,115,354,141,1
350,305,286,287,234,245,227,196,261,166,266,148,264,91,274,116,278,150,314,148,313,92,319,128,317,164,358,160,358,124,358,164,352,199,399,182,396,157,391,186,383,214,1
395,346,325,329,268,286,267,232,304,199,293,221,290,172,312,210,320,236,341,210,341,161,362,210,365,235,385,211,387,171,401,220,399,243,426,222,426,193,430,228,426,248,1
396,357,325,336,272,287,271,234,299,198,301,229,294,183,317,211,324,237,345,217,346,171,369,213,370,240,387,215,389,175,404,216,400,243,424,226,425,193,430,224,424,246,1
399,356,327,338,274,290,276,237,306,203,300,232,294,183,316,210,323,237,344,218,345,171,368,213,370,240,386,215,387,175,402,218,399,242,423,225,423,194,428,225,424,247,1
395,356,325,337,273,289,275,238,304,203,299,229,295,181,316,209,321,237,345,216,346,170,367,213,368,239,387,215,389,174,403,217,399,242,425,226,426,196,431,227,425,247,1
410,358,348,326,304,278,305,229,335,199,329,224,316,183,320,229,327,246,368,218,357,178,358,234,367,246,407,222,400,182,395,235,400,248,450,233,437,204,428,243,432,257,1
411,357,352,330,306,281,302,229,331,195,329,223,318,186,322,232,328,246,368,216,358,180,359,234,367,245,408,219,400,184,396,235,401,246,450,230,436,205,429,243,432,256,1
412,356,352,329,306,281,302,230,329,196,329,224,319,187,324,231,330,247,368,217,358,180,361,233,369,245,408,220,400,184,398,235,403,248,450,231,437,205,430,243,433,257,1
412,356,351,329,306,281,302,229,329,195,329,223,319,187,324,230,330,246,368,217,358,180,361,234,369,245,408,220,400,184,398,235,403,247,450,230,437,205,430,243,433,256,1
442,349,399,330,365,287,357,244,371,210,374,221,368,174,376,195,379,216,408,213,409,170,417,197,416,216,443,213,445,176,450,204,447,221,477,222,476,190,476,211,474,228,1
478,314,427,270,393,211,405,161,446,135,419,163,418,130,427,171,434,192,461,159,470,115,471,171,472,192,501,166,512,126,506,176,504,195,541,184,545,156,538,186,534,196,1
486,309,437,274,400,212,407,155,456,135,427,161,420,126,425,173,431,188,468,157,472,117,471,175,474,186,508,165,516,126,509,180,508,192,547,182,550,152,539,189,537,201,1
486,307,436,274,398,211,409,156,459,137,424,164,418,126,424,174,429,190,465,158,471,115,471,176,471,190,505,164,514,125,508,181,506,194,545,180,548,151,540,189,536,201,1
485,306,434,272,398,211,408,157,455,136,426,164,418,127,423,171,429,189,467,159,471,116,470,173,473,188,507,166,514,125,507,179,507,193,548,182,548,152,538,189,536,202,1
212,233,128,237,62,191,78,128,117,84,51,136,26,98,69,101,110,115,97,104,72,60,89,70,97,77,151,87,160,67,180,110,178,137,207,83,219,76,225,113,219,135,1
210,234,130,236,58,188,70,124,124,88,56,129,28,87,50,92,69,95,104,102,91,72,125,123,134,142,156,87,156,70,178,124,177,141,210,81,208,71,219,116,218,130,1
212,237,133,237,59,191,59,129,106,95,63,127,35,83,47,88,56,89,109,102,93,71,121,122,130,137,160,89,154,70,174,124,174,138,213,84,205,69,214,114,214,128,1
212,237,131,237,57,191,61,129,110,94,58,128,30,87,51,95,66,96,105,102,90,72,123,121,133,135,156,88,155,73,177,128,177,139,210,81,207,73,217,119,216,131,1
195,242,117,238,36,189,11,127,49,91,65,104,33,66,52,118,70,136,113,88,82,57,104,127,124,131,163,84,135,52,148,120,161,126,217,87,185,62,185,112,196,125,1
199,244,120,239,41,195,17,132,52,94,63,102,33,53,47,103,61,127,112,89,84,55,107,131,125,136,163,84,139,53,153,125,167,131,220,86,192,62,192,113,201,125,1
199,248,118,239,41,196,17,133,54,96,66,100,31,41,26,62,31,76,115,89,81,53,103,127,124,135,165,85,135,53,148,123,165,132,220,89,189,64,187,115,198,129,1
200,250,119,238,42,197,15,133,54,97,65,97,31,36,27,57,35,77,114,85,81,52,104,128,125,135,165,82,137,54,150,124,166,131,221,87,190,65,189,117,200,129,1
200,252,118,237,43,196,13,134,51,96,63,90,28,31,28,59,38,85,113,81,78,50,104,126,124,131,164,79,136,56,150,126,167,131,220,85,189,65,189,116,200,127,1
203,253,126,242,50,198,22,135,59,96,72,97,35,30,22,43,24,63,122,87,90,53,112,129,132,142,173,86,146,56,158,129,174,141,227,91,200,66,198,119,209,135,1
206,256,127,244,52,199,22,135,62,97,73,99,30,39,41,90,59,117,122,88,89,52,113,132,132,137,173,85,144,57,159,131,175,137,228,90,199,66,198,119,208,132,1
206,255,126,241,52,200,24,137,63,99,71,96,30,37,42,84,61,110,121,87,87,52,113,130,133,135,173,84,144,55,159,129,176,135,228,90,199,65,197,117,207,131,1
206,256,127,243,52,199,23,135,63,97,75,99,31,39,41,86,58,111,123,89,88,54,113,131,133,135,174,85,143,55,159,128,175,134,228,89,197,65,197,117,208,130,1
209,250,131,238,55,196,30,133,72,95,75,100,34,34,32,60,42,81,125,88,94,52,116,127,138,137,176,85,149,52,162,124,179,134,231,89,204,64,202,116,212,131,1
214,252,135,236,64,194,35,129,74,91,78,99,39,35,39,64,50,86,129,88,100,49,122,125,138,135,180,85,155,49,167,121,182,135,235,91,210,64,208,117,217,133,1
215,249,138,238,62,196,36,130,75,91,75,97,33,31,34,57,44,75,126,86,97,51,121,127,138,134,177,83,152,51,167,123,182,133,233,87,207,63,207,116,217,130,1
218,252,137,237,65,194,35,128,75,90,75,102,37,43,54,98,73,124,126,88,97,51,123,127,139,135,179,84,154,49,170,123,184,133,235,89,208,63,209,117,218,132,1
216,247,139,238,63,196,36,131,70,91,76,99,35,31,36,45,49,69,126,87,98,52,124,125,141,136,178,83,153,53,169,122,183,132,233,87,206,65,208,116,217,129,1
224,255,142,242,68,196,44,133,83,101,83,101,49,43,61,87,76,111,133,89,108,57,130,128,145,135,186,87,164,58,177,128,187,136,243,92,217,73,217,123,226,134,1
234,263,153,250,81,206,56,143,93,110,100,112,69,59,83,107,95,126,148,100,120,68,144,138,159,142,198,96,173,67,188,135,200,141,253,100,225,81,227,130,237,138,1
238,266,156,249,87,205,57,145,89,113,103,124,74,80,99,135,117,154,150,107,121,71,148,138,164,146,199,101,174,65,190,131,202,140,253,103,225,84,227,130,236,140,1
235,263,155,250,84,206,58,145,91,110,100,121,78,82,102,143,114,157,149,105,123,69,147,141,161,148,200,100,174,62,189,132,200,142,252,102,224,81,226,130,234,140,1
233,262,153,250,82,203,57,142,92,109,100,122,79,85,103,145,115,159,149,105,125,70,148,142,162,149,200,99,175,63,189,132,201,142,253,101,224,81,226,129,234,139,1
240,262,162,253,91,208,69,144,108,112,113,125,89,88,113,148,127,159,160,110,134,75,155,143,171,147,209,107,186,70,198,138,210,145,263,109,235,88,235,135,245,145,1
236,261,162,254,91,208,71,144,111,107,113,127,89,91,112,149,127,159,161,110,134,74,155,143,171,148,210,105,186,69,197,137,209,144,263,107,235,88,235,135,244,144,1
238,259,163,254,90,208,69,144,109,107,113,128,89,92,113,149,129,159,161,111,136,74,157,142,173,149,210,106,187,69,199,136,210,145,263,107,235,87,235,133,244,144,1
239,259,163,254,90,207,68,143,108,107,113,128,89,93,114,149,128,159,161,111,135,75,157,144,172,149,209,106,187,69,199,137,210,144,263,107,236,87,236,134,245,143,1
257,260,182,255,108,209,95,152,135,129,139,118,119,95,139,151,150,167,185,106,164,82,182,144,193,151,231,105,214,85,225,145,229,149,278,110,259,99,261,145,265,150,1
255,258,185,255,111,212,97,153,141,124,134,131,119,98,140,151,151,166,179,114,165,81,183,142,190,152,223,108,215,83,226,141,227,147,270,110,259,97,263,141,264,149,1
257,256,185,256,110,212,96,153,138,122,131,132,112,103,135,156,146,171,175,115,159,82,179,145,188,153,220,109,211,85,224,143,226,147,270,109,257,96,262,141,264,147,1
258,257,183,254,108,212,95,154,134,123,130,132,111,107,136,157,148,170,175,115,157,84,179,146,188,154,222,109,211,86,224,143,227,147,272,110,258,95,263,140,265,147,1
300,267,232,264,158,221,132,170,149,135,185,143,181,102,197,152,201,173,227,129,224,91,239,147,240,162,269,123,268,95,279,147,275,158,311,125,308,103,314,145,311,157,1
335,279,267,264,207,220,213,170,250,139,233,146,224,111,240,150,247,168,276,136,270,104,283,149,285,162,316,134,317,110,323,155,319,167,356,142,357,124,357,161,352,174,1
334,275,269,262,210,218,214,164,252,133,239,146,227,109,238,157,244,178,278,136,271,101,281,155,283,169,317,134,315,108,320,158,317,172,356,141,352,122,352,162,349,176,1
334,273,271,264,212,220,213,164,251,132,238,146,226,108,239,157,246,178,277,136,270,101,282,155,284,170,315,133,315,107,321,159,318,172,354,139,352,122,353,162,350,175,1
334,274,271,264,212,220,213,164,249,132,237,145,226,109,239,157,246,178,276,134,271,101,282,154,284,169,314,132,316,108,321,158,317,171,353,138,354,122,354,162,350,175,1
366,284,302,266,243,212,246,155,286,125,268,153,261,115,278,161,283,176,310,142,305,102,317,155,318,167,350,140,351,111,357,161,353,170,390,147,388,128,390,167,388,178,1
386,294,324,279,268,228,267,170,303,139,292,163,285,120,299,167,305,188,337,155,329,109,340,166,343,181,380,155,377,119,380,172,378,183,425,163,415,136,414,176,414,188,1
389,295,324,277,270,226,271,169,305,138,296,163,287,120,302,166,308,184,340,154,332,110,343,166,346,179,382,155,379,118,382,171,381,182,425,164,417,137,415,177,414,189,1
390,294,325,276,269,227,271,169,306,137,297,162,288,121,302,167,308,184,341,154,333,110,343,166,346,178,383,155,380,118,383,171,380,181,425,164,418,137,416,177,415,189,1
390,294,324,278,269,227,271,169,306,138,296,163,288,121,302,166,308,184,340,154,333,110,343,165,346,178,382,155,380,118,383,171,381,181,425,164,418,137,416,177,415,189,1